publication_title	print_identifier	online_identifier	date_first_issue_online	num_first_vol_online	num_first_issue_online	date_last_issue_online	num_last_vol_online	num_last_issue_online	title_url	first_author	title_id	embargo_info	coverage_depth	notes	publisher_name	publication_type	date_monograph_published_print	date_monograph_published_online	monograph_volume	monograph_edition	first_editor	parent_publication_title_id	preceding_publication_title_id	access_type	full_coverage	collection	discipline	catalog_identifier_oclc	catalog_identifier_lccn
A.A.V. Newsletter	21546312		1980-09-01	1	1	1986-10-01	7	3	http://www.jstor.org/journal/aavnewsletter		aavnewsletter	P4Y	fulltext		Association of Avian Veterinarians	serial						aavtoday		P	1980-09-01 - 1986-10-01	Biological Sciences Collection ; Life Sciences Collection	Biological Sciences ; Science & Mathematics ; Zoology	729520484	2011235736
AAV Today	08929904		1987-01-01	1	1	1988-12-01	2	4	http://www.jstor.org/journal/aavtoday		aavtoday	P4Y	fulltext		Association of Avian Veterinarians	serial						jassoavianvet	aavnewsletter	P	1987-01-01 - 1988-12-01	Biological Sciences Collection ; Life Sciences Collection	Biological Sciences ; Science & Mathematics ; Zoology	432344352	2009-235682
AIBS Bulletin	00967645		1951-01-01	1	1	1963-12-01	13	6	http://www.jstor.org/journal/aibsbulletin		aibsbulletin	P4Y	fulltext		Oxford University Press	serial						bioscience		P	1951-01-01 - 1963-12-01	Biological Sciences Collection ; Life Sciences Collection	Biological Sciences ; Science & Mathematics	60339763	2005-236975
Ambio	00447447	16547209	1972-02-01	1	1	2012-12-01	41	8	http://www.jstor.org/journal/ambio		ambio	P4Y	fulltext		Springer	serial							ambispecrepo	P	1972-02-01 - 2012-12-01	For-Profit Academic Biological Sciences Collection ; Public Library II Collection ; Biological Sciences Collection ; For-Profit Academic Life Sciences Collection ; Life Sciences Collection ; Ecology & Botany II Collection	Aquatic Sciences ; Biological Sciences ; Ecology & Evolutionary Biology ; Science & Mathematics	46381482	2005-238623
Ambio Special Report	03010325		1972-01-01		2	1979-01-01		6	http://www.jstor.org/journal/ambispecrepo		ambispecrepo		fulltext	Publication of this title ceased in 1979.	Springer	serial						ambio		P	1972-01-01 - 1979-01-01	For-Profit Academic Biological Sciences Collection ; Public Library II Collection ; Biological Sciences Collection ; For-Profit Academic Life Sciences Collection ; Life Sciences Collection ; Ecology & Botany II Collection	Aquatic Sciences ; Biological Sciences ; Ecology & Evolutionary Biology ; Science & Mathematics	320637473	2009-235242
The American Biology Teacher	00027685	19384211	1938-10-01	1	1	2012-11-01	74	9	http://www.jstor.org/journal/amerbiolteac		amerbiolteac	P4Y	fulltext		University of California Press	serial								P	1938-10-01 - 2012-11-01	For-Profit Academic Biological Sciences Collection ; Public Library II Collection ; Biological Sciences Collection ; For-Profit Academic Life Sciences Collection ; Science, Technology & Mathematics Discipline Package ; Life Sciences Collection	Biological Sciences ; Education ; Science & Mathematics ; Social Sciences	46706847	2004-242144
American Fern Journal	00028444	1938422X	1910-08-01	1	1	2012-10-01	102	4	http://www.jstor.org/journal/americanfernj		americanfernj	P4Y	fulltext		American Fern Society	serial								P	1910-08-01 - 2012-10-01	Public Library II Collection ; For-Profit Academic Biological Sciences Collection ; Biological Sciences Collection ; For-Profit Academic Life Sciences Collection ; Life Sciences Collection ; Ecology & Botany II Collection	Biological Sciences ; Botany & Plant Sciences ; Science & Mathematics	49724561	2004-242143
American Journal of Botany	00029122	15372197	1914-01-01	1	1	2010-12-01	97	12	http://www.jstor.org/journal/americanjbotany		americanjbotany	P6Y	fulltext		Botanical Society of America, Inc.	serial								P	1914-01-01 - 2010-12-01	Biological Sciences Collection ; Life Sciences Collection ; Ecology & Botany I Collection	Biological Sciences ; Botany & Plant Sciences ; Science & Mathematics	45446639	00-227435
The American Midland Naturalist	00030031	19384238	1909-12-01	1	5	2012-10-01	168	2	http://www.jstor.org/journal/amermidlnatu		amermidlnatu	P4Y	fulltext		University of Notre Dame	serial							midlnatu	P	1909-12-01 - 2012-10-01	Public Library II Collection ; For-Profit Academic Biological Sciences Collection ; Biological Sciences Collection ; For-Profit Academic Life Sciences Collection ; Life Sciences Collection ; Ecology & Botany I Collection	Biological Sciences ; Ecology & Evolutionary Biology ; Science & Mathematics	45446837	00-227427
The American Naturalist	00030147	15375323	1867-03-01	1	1	2012-12-01	180	6	http://www.jstor.org/journal/amernatu		amernatu	P4Y	fulltext		University of Chicago Press	serial								P	1867-03-01 - 2012-12-01	Public Library II Collection ; For-Profit Academic Biological Sciences Collection ; Biological Sciences Collection ; For-Profit Academic Life Sciences Collection ; Science, Technology & Mathematics Discipline Package ; Life Sciences Collection ; Ecology & Botany I Collection	Biological Sciences ; Ecology & Evolutionary Biology ; Science & Mathematics	45446849	00-227441
American Zoologist	00031569		1961-02-01	1	1	2001-12-01	41	6	http://www.jstor.org/journal/amerzool		amerzool	P6Y	fulltext		Oxford University Press	serial						intecompbiol		P	1961-02-01 - 2001-12-01	Biological Sciences Collection ; Life Sciences Collection	Biological Sciences ; Science & Mathematics ; Zoology	46381485	2005-238562
Annals of the Missouri Botanical Garden	00266493		1914-03-01	1	1	2012-05-01	98	4	http://www.jstor.org/journal/annamissbotagard		annamissbotagard	P4Y	fulltext		Missouri Botanical Garden Press	serial								P	1914-03-01 - 2012-05-01	Public Library II Collection ; For-Profit Academic Biological Sciences Collection ; Biological Sciences Collection ; For-Profit Academic Life Sciences Collection ; Life Sciences Collection ; Ecology & Botany I Collection	Biological Sciences ; Botany & Plant Sciences ; Science & Mathematics	45446666	00-227440
Annual Review of Ecology and Systematics	00664162		1970-01-01	1		2002-01-01	33		http://www.jstor.org/journal/annureviecolsyst		annureviecolsyst	P6Y	fulltext		Annual Reviews	serial						annureviecolevol		P	1970-01-01 - 2002-01-01	Biological Sciences Collection ; Arts & Sciences I Collection ; Life Sciences Collection ; Ecology & Botany I Collection	Biological Sciences ; Ecology & Evolutionary Biology ; Science & Mathematics	38169689	sn98-23003
Annual Review of Ecology, Evolution, and Systematics	1543592X	15452069	2003-01-01	34		2010-01-01	41		http://www.jstor.org/journal/annureviecolevol		annureviecolevol	P6Y	fulltext		Annual Reviews	serial							annureviecolsyst	P	2003-01-01 - 2010-01-01	Biological Sciences Collection ; Arts & Sciences I Collection ; Life Sciences Collection ; Ecology & Botany I Collection	Biological Sciences ; Ecology & Evolutionary Biology ; Science & Mathematics	52433928	2003-215253
Applied Vegetation Science	14022001	1654109X	1998-05-01	1	1	2010-10-01	13	4	http://www.jstor.org/journal/applvegescie		applvegescie	P6Y	fulltext		Wiley	serial								P	1998-05-01 - 2010-10-01	Biological Sciences Collection ; Life Sciences Collection ; Ecology & Botany II Collection	Biological Sciences ; Botany & Plant Sciences ; Science & Mathematics	50870652	2003-263061
Arctic and Alpine Research	00040851		1969-01-01	1	1	1998-11-01	30	4	http://www.jstor.org/journal/arctalpirese		arctalpirese	P4Y	fulltext		INSTAAR, University of Colorado	serial						arctantaalpirese		P	1969-01-01 - 1998-11-01	Biological Sciences Collection ; Life Sciences Collection ; Ecology & Botany II Collection	Biological Sciences ; Ecology & Evolutionary Biology ; Geography ; Science & Mathematics ; Social Sciences	63583297	2006-236651
Arctic, Antarctic, and Alpine Research	15230430	19384246	1999-02-01	31	1	2012-11-01	44	4	http://www.jstor.org/journal/arctantaalpirese		arctantaalpirese	P4Y	fulltext		INSTAAR, University of Colorado	serial							arctalpirese	P	1999-02-01 - 2012-11-01	Public Library II Collection ; For-Profit Academic Biological Sciences Collection ; Biological Sciences Collection ; For-Profit Academic Life Sciences Collection ; Life Sciences Collection ; Ecology & Botany II Collection	Biological Sciences ; Ecology & Evolutionary Biology ; Geography ; Science & Mathematics ; Social Sciences	51958548	2004-242147
The Auk	00048038	19384254	1884-01-01	1	1	2012-10-01	129	4	http://www.jstor.org/journal/auk		auk	P4Y	fulltext		American Ornithologists' Union	serial								P	1884-01-01 - 2012-10-01	Biological Sciences Collection ; Life Sciences Collection	Biological Sciences ; Science & Mathematics ; Zoology	46381486	2004-242146
Avian Diseases	00052086	19384351	1957-05-01	1	1	2012-12-01	56	4	http://www.jstor.org/journal/aviandiseases		aviandiseases	P4Y	fulltext		American Association of Avian Pathologists	serial								P	1957-05-01 - 2012-12-01	Public Library II Collection ; For-Profit Academic Biological Sciences Collection ; Biological Sciences Collection ; For-Profit Academic Life Sciences Collection ; Life Sciences Collection	Biological Sciences ; Science & Mathematics ; Zoology	51026881	2004-242145
Bears: Their Biology and Management	19360614		1972-01-01	2		1997-01-01	9		http://www.jstor.org/journal/beartheibiolmana		beartheibiolmana	P4Y	fulltext		International Association for Bear Research and Management	serial						ursus	procbearworkinte	P	1972-01-01 - 1997-01-01	Biological Sciences Collection ; Life Sciences Collection	Biological Sciences ; Science & Mathematics ; Zoology	137246126	2007-234131
Behavioral Ecology and Sociobiology	03405443	14320762	1976-01-01	1	2	2012-12-01	66	12	http://www.jstor.org/journal/behaecolsoci		behaecolsoci	P4Y	fulltext		Springer	serial								P	1976-01-01 - 2012-12-01	For-Profit Academic Biological Sciences Collection ; Public Library II Collection ; Biological Sciences Collection ; For-Profit Academic Life Sciences Collection ; Life Sciences Collection	Biological Sciences ; Ecology & Evolutionary Biology ; Science & Mathematics	39604965	2004233430
Behaviour	00057959		1947-01-01	1	1	2010-12-01	147	13/14	http://www.jstor.org/journal/behaviour		behaviour	P6Y	fulltext		Brill	serial								P	1947-01-01 - 2010-12-01	Biological Sciences Collection ; Life Sciences Collection	Biological Sciences ; Ecology & Evolutionary Biology ; Science & Mathematics	44487265	238520
Behaviour. Supplement	01697544		1950-01-01		1	1977-01-01		20	http://www.jstor.org/journal/behasupp		behasupp		fulltext	Publication of this title ceased in 1977.	Brill	serial								P	1950-01-01 - 1977-01-01	Biological Sciences Collection ; Life Sciences Collection	Biological Sciences ; Ecology & Evolutionary Biology ; Science & Mathematics	299098951	2009-235065
Belgian Journal of Botany	07784031		1990-01-01	123	1/2	2009-01-01	142	1	http://www.jstor.org/journal/belgjbota		belgjbota	P4Y	fulltext		Royal Botanical Society of Belgium	serial						systgeogplan	bulldujardbotana	P	1990-01-01 - 2009-01-01	Biological Sciences Collection ; Life Sciences Collection ; Ecology & Botany II Collection	Biological Sciences ; Botany & Plant Sciences ; Science & Mathematics	633138681	2011-235728
Biodiversity Letters	09679952		1993-01-01	1	1	1996-11-01	3	6	http://www.jstor.org/journal/biodlett		biodlett	P11Y	fulltext		Wiley	serial						divedist		P	1993-01-01 - 1996-11-01	Public Library II Collection ; For-Profit Academic Biological Sciences Collection ; Biological Sciences Collection ; For-Profit Academic Life Sciences Collection ; Life Sciences Collection ; Ecology & Botany I Collection	Biological Sciences ; Ecology & Evolutionary Biology ; Science & Mathematics	45446863	00-227437
Biogeochemistry	01682563	1573515X	1984-01-01	1	1	2012-11-01	111	1/3	http://www.jstor.org/journal/biogeochemistry		biogeochemistry	P4Y	fulltext		Springer	serial								P	1984-01-01 - 2012-11-01	For-Profit Academic Biological Sciences Collection ; Public Library II Collection ; Biological Sciences Collection ; For-Profit Academic Life Sciences Collection ; Life Sciences Collection ; Ecology & Botany II Collection	Biological Sciences ; Ecology & Evolutionary Biology ; Science & Mathematics	37915724	00-229634
Biological Bulletin	00063185		1899-10-01	1	1	2014-12-01	227	3	http://www.jstor.org/journal/biolbull		biolbull	P2Y	fulltext		Marine Biological Laboratory	serial							zoolbull	P	1899-10-01 - 2014-12-01	Biological Sciences Collection ; Life Sciences Collection	Biological Sciences ; Science & Mathematics	38540603	2006-236652
Bios	00053155		1930-03-01	1	1	2014-12-01	85	4	http://www.jstor.org/journal/bios		bios	P2Y	fulltext		Beta Beta Beta Biological Society	serial								P	1930-03-01 - 2014-12-01	Biological Sciences Collection ; Life Sciences Collection	Biological Sciences ; Science & Mathematics	56331372	2004242195
BioScience	00063568	15253244	1964-01-01	14	1	2012-12-01	62	12	http://www.jstor.org/journal/bioscience		bioscience	P4Y	fulltext		Oxford University Press	serial							aibsbulletin	P	1964-01-01 - 2012-12-01	Public Library II Collection ; For-Profit Academic Biological Sciences Collection ; Biological Sciences Collection ; For-Profit Academic Life Sciences Collection ; Life Sciences Collection	Biological Sciences ; Science & Mathematics	41477721	sn99-4021
Biotropica	00063606	17447429	1969-06-01	1	1	2010-11-01	42	6	http://www.jstor.org/journal/biotropica		biotropica	P6Y	fulltext		Association for Tropical Biology and Conservation	serial								P	1969-06-01 - 2010-11-01	Biological Sciences Collection ; Life Sciences Collection ; Ecology & Botany I Collection	Biological Sciences ; Ecology & Evolutionary Biology ; Science & Mathematics	45446876	00-227442
Bird-Banding	00063630	23271280	1930-01-01	1	1	1979-10-01	50	4	http://www.jstor.org/journal/birdband		birdband	P4Y	fulltext		Wiley	serial						jfielorni	bulnorbirbanass	P	1930-01-01 - 1979-10-01	Biological Sciences Collection ; Life Sciences Collection	Biological Sciences ; Science & Mathematics ; Zoology	57511665	2008-242191
Botanical Bulletin	15294560		1875-11-01	1	1	1876-10-01	1	12	http://www.jstor.org/journal/botabull		botabull	P4Y	fulltext		University of Chicago Press	serial						botanicalgazette		P	1875-11-01 - 1876-10-01	Public Library II Collection ; For-Profit Academic Biological Sciences Collection ; Biological Sciences Collection ; For-Profit Academic Life Sciences Collection ; Science, Technology & Mathematics Discipline Package ; Life Sciences Collection ; Ecology & Botany I Collection	Biological Sciences ; Botany & Plant Sciences ; Environmental Science ; Science & Mathematics	45446722	00-227432
Botanical Gazette	00068071		1876-11-01	2	1	1991-12-01	152	4	http://www.jstor.org/journal/botanicalgazette		botanicalgazette	P4Y	fulltext		University of Chicago Press	serial						intejplanscie	botabull	P	1876-11-01 - 1991-12-01	For-Profit Academic Biological Sciences Collection ; Public Library II Collection ; Biological Sciences Collection ; For-Profit Academic Life Sciences Collection ; Life Sciences Collection ; Science, Technology & Mathematics Discipline Package ; Ecology & Botany I Collection	Biological Sciences ; Botany & Plant Sciences ; Environmental Science ; Science & Mathematics	45446737	00-227433
Botanical Review	00068101	18749372	1935-01-01	1	1	2010-12-01	76	4	http://www.jstor.org/journal/botarevi		botarevi	P6Y	fulltext		Springer	serial								P	1935-01-01 - 2010-12-01	Public Library II Collection ; For-Profit Academic Biological Sciences Collection ; Biological Sciences Collection ; For-Profit Academic Life Sciences Collection ; Life Sciences Collection ; Ecology & Botany II Collection	Biological Sciences ; Botany & Plant Sciences ; Science & Mathematics	53054811	2005-238626
Brittonia	0007196X	1938436X	1931-02-01	1	1	2010-12-15	62	4	http://www.jstor.org/journal/brittonia		brittonia	P6Y	fulltext		Springer	serial								P	1931-02-01 - 2010-12-15	Biological Sciences Collection ; Life Sciences Collection ; Ecology & Botany I Collection	Biological Sciences ; Botany & Plant Sciences ; Science & Mathematics	45446676	00-227443
The Bryologist	00072745	19384378	1898-01-01	1	1	2012-12-01	115	4	http://www.jstor.org/journal/bryologist		bryologist	P4Y	fulltext		American Bryological and Lichenological Society	serial								P	1898-01-01 - 2012-12-01	Public Library II Collection ; For-Profit Academic Biological Sciences Collection ; Biological Sciences Collection ; For-Profit Academic Life Sciences Collection ; Life Sciences Collection ; Ecology & Botany II Collection	Biological Sciences ; Botany & Plant Sciences ; Science & Mathematics	46381487	2004-242151
Bulletin de la Société de Botanique de Belgique	03746062		1862-01-01	1	1	1862-01-01	1	1	http://www.jstor.org/journal/bullsocibotabelg		bullsocibotabelg	P4Y	fulltext		Royal Botanical Society of Belgium	serial						bullsocroybotbel		P	1862-01-01	Biological Sciences Collection ; Life Sciences Collection ; Ecology & Botany II Collection	Biological Sciences ; Botany & Plant Sciences ; Science & Mathematics	732898125	2011-235730
Bulletin de la Société Royale de Botanique de Belgique / Bulletin van de Koninklijke Belgische Botanische Vereniging	00379557		1862-07-01	1	2/3	1989-01-01	122	1	http://www.jstor.org/journal/bullsocroybotbel		bullsocroybotbel	P4Y	fulltext		Royal Botanical Society of Belgium	serial						bulldujardbotaet	bullsocibotabelg	P	1862-07-01 - 1989-01-01	Biological Sciences Collection ; Life Sciences Collection ; Ecology & Botany II Collection	Biological Sciences ; Botany & Plant Sciences ; Science & Mathematics	609060417	2011-235729
Bulletin du Jardin botanique de l'État a Bruxelles	03746313		1902-08-01	1	1	1966-12-31	36	4	http://www.jstor.org/journal/bulldujardbotaet		bulldujardbotaet	P4Y	fulltext			serial						bulldujardbotana	bullsocroybotbel	P	1902-08-01 - 1966-12-31	Biological Sciences Collection ; Life Sciences Collection ; Ecology & Botany II Collection	Biological Sciences ; Botany & Plant Sciences ; Science & Mathematics	83552512	2007-235408
Bulletin du Jardin botanique National de Belgique / Bulletin van de Nationale Plantentuin van België	03039153		1967-03-31	37	1	1999-03-31	67	1/4	http://www.jstor.org/journal/bulldujardbotana		bulldujardbotana	P4Y	fulltext			serial						belgjbota	bulldujardbotaet	P	1967-03-31 - 1999-03-31	Biological Sciences Collection ; Life Sciences Collection ; Ecology & Botany II Collection	Biological Sciences ; Botany & Plant Sciences ; Science & Mathematics	83554191	2007-235407
Bulletin of Miscellaneous Information (Royal Botanic Gardens, Kew)	03664457		1887-01-01	1887	9	1941-01-01	1941	2	http://www.jstor.org/journal/bullmiscinforoya		bullmiscinforoya	P4Y	fulltext		Springer	serial						kewbulletin		P	1887-01-01 - 1941-01-01	Biological Sciences Collection ; Life Sciences Collection ; Ecology & Botany II Collection	Biological Sciences ; Botany & Plant Sciences ; Science & Mathematics	175290670	2007-265256
Bulletin of the Cooper Ornithological Club	15531031		1899-01-01	1	1	1899-11-01	1	6	http://www.jstor.org/journal/bullcooporniclub		bullcooporniclub	P4Y	fulltext		Cooper Ornithological Society	serial						condor		P	1899-01-01 - 1899-11-01	Biological Sciences Collection ; Life Sciences Collection	Biological Sciences ; Science & Mathematics ; Zoology	55667767	2004-242164
Bulletin of the Ecological Society of America	00129623	23276096	1917-01-01	1	1	2015-10-01	96	4	http://www.jstor.org/journal/bullecosociamer		bullecosociamer	P1Y	fulltext		Ecological Society of America	serial								P	1917-01-01 - 2015-10-01	Biological Sciences Collection ; Life Sciences Collection ; Ecology & Botany II Collection	Biological Sciences ; Ecology & Evolutionary Biology ; Science & Mathematics	48020354	2003-263020
Bulletin of the Northeastern Bird-Banding Association	23755091	23271299	1925-01-01	1	1	1929-12-31	5		http://www.jstor.org/journal/bulnorbirbanass		bulnorbirbanass	P4Y	fulltext		Wiley	serial						birdband		P	1925-01-01 - 1929-12-31	Biological Sciences Collection ; Life Sciences Collection	Biological Sciences ; Science & Mathematics ; Zoology		
Bulletin of the Torrey Botanical Club	00409618		1870-01-01	1	1	1996-10-01	123	4	http://www.jstor.org/journal/bulltorrbotaclub		bulltorrbotaclub	P4Y	fulltext		Torrey Botanical Society	serial						jtorrbotasoci	torreya	P	1870-01-01 - 1996-10-01	Biological Sciences Collection ; Life Sciences Collection ; Ecology & Botany I Collection	Biological Sciences ; Botany & Plant Sciences ; Science & Mathematics	45446704	00-227430
Bulletins from the Ecological Research Committee/NFR	05871433		1970-01-01		4	1973-01-01		18	http://www.jstor.org/journal/bullecolrescomm		bullecolrescomm	P8Y	fulltext		Oikos Editorial Office	serial						ecologicalbull		P	1970-01-01 - 1973-01-01	Biological Sciences Collection ; Life Sciences Collection ; Ecology & Botany II Collection	Biological Sciences ; Ecology & Evolutionary Biology ; Science & Mathematics	312781288	2009235211
Castanea	00087475	19384386	1937-04-01	2	4	2012-12-01	77	4	http://www.jstor.org/journal/castanea		castanea	P4Y	fulltext		Allen Press	serial							jsoutappabotaclu	P	1937-04-01 - 2012-12-01	Public Library II Collection ; For-Profit Academic Biological Sciences Collection ; Biological Sciences Collection ; For-Profit Academic Life Sciences Collection ; Life Sciences Collection ; Ecology & Botany II Collection	Biological Sciences ; Botany & Plant Sciences ; Science & Mathematics	57659851	2005-256009
Cell Stress & Chaperones	13558145	14661268	1996-04-01	1	1	2014-11-01	19	6	http://www.jstor.org/journal/cellstrechap		cellstrechap	P2Y	fulltext		Cell Stress Society International	serial								P	1996-04-01 - 2014-11-01	For-Profit Academic Biological Sciences Collection ; Public Library II Collection ; Biological Sciences Collection ; For-Profit Academic Life Sciences Collection ; Life Sciences Collection	Biological Sciences ; Developmental & Cell Biology ; Science & Mathematics	40903217	00-227347
Chesapeake Science	00093262		1960-04-01	1	1	1977-12-01	18	4	http://www.jstor.org/journal/chesscie		chesscie	P6Y	fulltext		Coastal and Estuarine Research Federation	serial						estuaries		P	1960-04-01 - 1977-12-01	Biological Sciences Collection ; Life Sciences Collection	Aquatic Sciences ; Biological Sciences ; Ecology & Evolutionary Biology ; Science & Mathematics	60339753	2005-236970
The Coleopterists Bulletin	0010065X	19384394	1947-04-01	1	1	2010-09-01	64	3	http://www.jstor.org/journal/colebull		colebull	P6Y	fulltext		Coleopterists Society	serial								P	1947-04-01 - 2010-09-01	Biological Sciences Collection ; Life Sciences Collection	Biological Sciences ; Science & Mathematics ; Zoology	46381492	2004-242152
Coleopterists Society Monographs. Patricia Vaurie Series	19340451	19384408	2002-12-01		1	2010-01-01		9	http://www.jstor.org/journal/colesocimonopatr		colesocimonopatr	P6Y	fulltext		Coleopterists Society	serial								P	2002-12-01 - 2010-01-01	For-Profit Academic Biological Sciences Collection ; Public Library II Collection ; Biological Sciences Collection ; For-Profit Academic Life Sciences Collection ; Life Sciences Collection	Biological Sciences ; Science & Mathematics ; Zoology	133467491	2007213525
Colonial Waterbirds	07386028		1981-01-01	4		1998-01-01	21	2	http://www.jstor.org/journal/colowate		colowate	P6Y	fulltext		Waterbird Society	serial						wateintejwatebio	proccolowategrou	P	1981-01-01 - 1998-01-01	Public Library II Collection ; For-Profit Academic Biological Sciences Collection ; Biological Sciences Collection ; For-Profit Academic Life Sciences Collection ; Life Sciences Collection	Biological Sciences ; Science & Mathematics ; Zoology	64571859	2006-236670
The Condor	00105422	19385129	1900-01-01	2	1	2012-11-01	114	4	http://www.jstor.org/journal/condor		condor	P4Y	fulltext		Cooper Ornithological Society	serial							bullcooporniclub	P	1900-01-01 - 2012-11-01	Biological Sciences Collection ; Life Sciences Collection	Biological Sciences ; Science & Mathematics ; Zoology	46381493	2004-242153
Conservation Biology	08888892	15231739	1987-05-01	1	1	2005-12-01	19	6	http://www.jstor.org/journal/consbiol		consbiol	P11Y	fulltext		Wiley	serial								P	1987-05-01 - 2005-12-01	For-Profit Academic Biological Sciences Collection ; Public Library II Collection ; Biological Sciences Collection ; For-Profit Academic Life Sciences Collection ; Life Sciences Collection ; Ecology & Botany I Collection	Biological Sciences ; Ecology & Evolutionary Biology ; Science & Mathematics	45446882	00-227444
Copeia	00458511	19385110	1913-12-27		1	2012-12-18	2012	4	http://www.jstor.org/journal/copeia		copeia	P4Y	fulltext		American Society of Ichthyologists and Herpetologists (ASIH)	serial								P	1913-12-27 - 2012-12-18	Public Library II Collection ; For-Profit Academic Biological Sciences Collection ; Biological Sciences Collection ; For-Profit Academic Life Sciences Collection ; Life Sciences Collection	Aquatic Sciences ; Biological Sciences ; Science & Mathematics ; Zoology	48166077	2005 237208
Crustaceana	0011216X		1960-01-01	1	1	2010-12-01	83	12	http://www.jstor.org/journal/crustaceana		crustaceana	P6Y	fulltext		Brill	serial								P	1960-01-01 - 2010-12-01	For-Profit Academic Biological Sciences Collection ; Public Library II Collection ; Biological Sciences Collection ; For-Profit Academic Life Sciences Collection ; Life Sciences Collection	Biological Sciences ; Science & Mathematics ; Zoology	44170027	2006-242131
Crustaceana. Supplement	01676563		1968-01-01		2	1990-01-01		16	http://www.jstor.org/journal/crussupp		crussupp		fulltext	Publication of this title ceased in 1990.	Brill	serial								P	1968-01-01 - 1990-01-01	Biological Sciences Collection ; Life Sciences Collection	Biological Sciences ; Science & Mathematics ; Zoology	276174478	2008-234461
Diversity and Distributions	13669516	14724642	1998-01-01	4	1	2005-11-01	11	6	http://www.jstor.org/journal/divedist		divedist	P11Y	fulltext		Wiley	serial							biodlett	P	1998-01-01 - 2005-11-01	Public Library II Collection ; For-Profit Academic Biological Sciences Collection ; Biological Sciences Collection ; For-Profit Academic Life Sciences Collection ; Life Sciences Collection ; Ecology & Botany I Collection	Biological Sciences ; Ecology & Evolutionary Biology ; Science & Mathematics	48691013	2002-227000
Ecography	09067590	16000587	1992-01-01	15	1	2008-12-01	31	6	http://www.jstor.org/journal/ecography		ecography	P8Y	fulltext		Wiley	serial							holarcticecology	P	1992-01-01 - 2008-12-01	For-Profit Academic Biological Sciences Collection ; Public Library II Collection ; Biological Sciences Collection ; For-Profit Academic Life Sciences Collection ; Life Sciences Collection ; Ecology & Botany II Collection	Biological Sciences ; Ecology & Evolutionary Biology ; Science & Mathematics	50102682	2002-242133
Ecological Applications	10510761		1991-02-01	1	1	2013-12-01	23	8	http://www.jstor.org/journal/ecolappl		ecolappl	P3Y	fulltext		Ecological Society of America	serial								P	1991-02-01 - 2013-12-01	For-Profit Academic Biological Sciences Collection ; Public Library II Collection ; For-Profit Academic Arts & Sciences I Collection ; Biological Sciences Collection ; Public Library I Collection ; For-Profit Academic Life Sciences Collection ; Arts & Sciences I Collection ; Life Sciences Collection ; Ecology & Botany I Collection	Biological Sciences ; Ecology & Evolutionary Biology ; Science & Mathematics	35698946	sn97-23011
Ecological Bulletins	03466868		1975-01-01		19	2007-01-01		52	http://www.jstor.org/journal/ecologicalbull		ecologicalbull	P8Y	fulltext		Oikos Editorial Office	serial							bullecolrescomm	P	1975-01-01 - 2007-01-01	Biological Sciences Collection ; Life Sciences Collection ; Ecology & Botany II Collection	Biological Sciences ; Ecology & Evolutionary Biology ; Science & Mathematics	312781304	2009235210
Ecological Monographs	00129615		1931-01-01	1	1	2013-11-01	83	4	http://www.jstor.org/journal/ecolmono		ecolmono	P3Y	fulltext		Ecological Society of America	serial								P	1931-01-01 - 2013-11-01	Public Library II Collection ; For-Profit Academic Biological Sciences Collection ; For-Profit Academic Arts & Sciences I Collection ; Biological Sciences Collection ; Public Library I Collection ; For-Profit Academic Life Sciences Collection ; Arts & Sciences I Collection ; Life Sciences Collection ; Ecology & Botany I Collection	Biological Sciences ; Ecology & Evolutionary Biology ; Science & Mathematics	35699178	sn97-23012
Ecology	00129658	19399170	1920-01-01	1	1	2013-12-01	94	12	http://www.jstor.org/journal/ecology		ecology	P3Y	fulltext		Ecological Society of America	serial							plantworld	P	1920-01-01 - 2013-12-01	For-Profit Academic Biological Sciences Collection ; Public Library II Collection ; Biological Sciences Collection ; For-Profit Academic Arts & Sciences I Collection ; Public Library I Collection ; For-Profit Academic Life Sciences Collection ; Arts & Sciences I Collection ; Life Sciences Collection ; Ecology & Botany I Collection	Biological Sciences ; Ecology & Evolutionary Biology ; Science & Mathematics	35698209	sn97-23010
Economic Botany	00130001	18749364	1947-01-01	1	1	2010-12-15	64	4	http://www.jstor.org/journal/econbota		econbota	P6Y	fulltext		Springer	serial								P	1947-01-01 - 2010-12-15	Biological Sciences Collection ; Life Sciences Collection ; Ecology & Botany II Collection	Biological Sciences ; Botany & Plant Sciences ; Science & Mathematics	52392052	2007-233721
Ecosystems	14329840	14350629	1998-01-01	1	1	2012-12-01	15	8	http://www.jstor.org/journal/ecosystems		ecosystems	P4Y	fulltext		Springer	serial								P	1998-01-01 - 2012-12-01	Public Library II Collection ; For-Profit Academic Biological Sciences Collection ; Biological Sciences Collection ; For-Profit Academic Life Sciences Collection ; Life Sciences Collection ; Ecology & Botany II Collection	Biological Sciences ; Ecology & Evolutionary Biology ; Science & Mathematics	42938140	2004-233612
Englera	01704818		1979-01-01		1	2012-01-01		29	http://www.jstor.org/journal/englera		englera	P4Y	fulltext		Botanischer Garten und Botanisches Museum, Berlin-Dahlem	serial							willbeih	P	1979-01-01 - 2012-01-01	Biological Sciences Collection ; Life Sciences Collection ; Ecology & Botany II Collection	Biological Sciences ; Botany & Plant Sciences ; Science & Mathematics	85848906	2007-234102
Entomologica Americana	19475136	19475144	2009-01-01	115	2	2010-01-01	116	1/2	http://www.jstor.org/journal/entoamer		entoamer	P6Y	fulltext		New York Entomological Society	serial							jnewyorkentosoci	P	2009-01-01 - 2010-01-01	Biological Sciences Collection ; Life Sciences Collection	Biological Sciences ; Science & Mathematics ; Zoology		
Estuaries	01608347		1978-03-01	1	1	2005-12-01	28	6	http://www.jstor.org/journal/estuaries		estuaries	P6Y	fulltext		Coastal and Estuarine Research Federation	serial						estuariescoasts	chesscie	P	1978-03-01 - 2005-12-01	Biological Sciences Collection ; Life Sciences Collection	Aquatic Sciences ; Biological Sciences ; Science & Mathematics	50565572	2005-236965
Estuaries and Coasts	15592723	15592731	2006-02-01	29	1	2010-11-01	33	6	http://www.jstor.org/journal/estuariescoasts		estuariescoasts	P6Y	fulltext		Coastal and Estuarine Research Federation	serial							estuaries	P	2006-02-01 - 2010-11-01	Biological Sciences Collection ; Life Sciences Collection	Aquatic Sciences ; Biological Sciences ; Science & Mathematics	62594659	2005-214338
Evolution	00143820	15585646	1947-03-01	1	1/2	2012-12-01	66	12	http://www.jstor.org/journal/evolution		evolution	P4Y	fulltext		Society for the Study of Evolution	serial								P	1947-03-01 - 2012-12-01	For-Profit Academic Biological Sciences Collection ; Public Library II Collection ; Biological Sciences Collection ; For-Profit Academic Life Sciences Collection ; Life Sciences Collection ; Ecology & Botany I Collection	Biological Sciences ; Ecology & Evolutionary Biology ; Science & Mathematics	45446897	00-227428
Flora Neotropica	00715794		1967-12-30	1		2010-12-29	108		http://www.jstor.org/journal/florneot		florneot	P6Y	fulltext		New York Botanical Garden Press	serial								P	1967-12-30 - 2010-12-29	Biological Sciences Collection ; Life Sciences Collection ; Ecology & Botany II Collection	Biological Sciences ; Botany & Plant Sciences ; Science & Mathematics	248594182	2008-235307
The Florida Buggist	19304013		1917-06-21	1	1	1920-03-01	3	4	http://www.jstor.org/journal/floridabuggist		floridabuggist	P2Y	fulltext		Florida Entomological Society	serial						florento		P	1917-06-21 - 1920-03-01	Biological Sciences Collection ; Life Sciences Collection	Biological Sciences ; Science & Mathematics ; Zoology	54733147	2004-242187
The Florida Entomologist	00154040	19385102	1920-07-01	4	1	2014-12-01	97	4	http://www.jstor.org/journal/florento		florento	P2Y	fulltext		Florida Entomological Society	serial							floridabuggist	P	1920-07-01 - 2014-12-01	Public Library II Collection ; For-Profit Academic Biological Sciences Collection ; Biological Sciences Collection ; For-Profit Academic Life Sciences Collection ; Life Sciences Collection	Biological Sciences ; Science & Mathematics ; Zoology	33223434	sn95-026670
Folia Geobotanica	12119520	18749348	1998-01-01	33	2	2012-01-01	47	3	http://www.jstor.org/journal/foligeob		foligeob	P4Y	fulltext		Springer	serial							foligeobphyt	P	1998-01-01 - 2012-01-01	For-Profit Academic Biological Sciences Collection ; Public Library II Collection ; Biological Sciences Collection ; For-Profit Academic Life Sciences Collection ; Life Sciences Collection ; Ecology & Botany II Collection	Biological Sciences ; Botany & Plant Sciences ; Science & Mathematics	60630131	2008-235305
Folia Geobotanica & Phytotaxonomica	00155551		1966-01-01	1	2	1997-01-01	32	4	http://www.jstor.org/journal/foligeobphyt		foligeobphyt	P4Y	fulltext		Springer	serial						foligeob		P	1966-01-01 - 1997-01-01	Biological Sciences Collection ; Life Sciences Collection ; Ecology & Botany II Collection	Biological Sciences ; Botany & Plant Sciences ; Science & Mathematics	85446386	2008-235306
Freshwater Invertebrate Biology	07382189		1982-02-01	1	1	1985-11-01	4	4	http://www.jstor.org/journal/fresinvebiol		fresinvebiol	P4Y	fulltext		University of Chicago Press	serial						jnortamerbentsoc		P	1982-02-01 - 1985-11-01	For-Profit Academic Biological Sciences Collection ; Public Library II Collection ; Biological Sciences Collection ; For-Profit Academic Life Sciences Collection ; Science, Technology & Mathematics Discipline Package ; Life Sciences Collection	Aquatic Sciences ; Biological Sciences ; Ecology & Evolutionary Biology ; Science & Mathematics	62267160	2005-237310
Freshwater Science	21619549	21619565	2012-03-01	31	1	2012-12-01	31	4	http://www.jstor.org/journal/fresscie		fresscie	P4Y	fulltext		University of Chicago Press	serial							jnortamerbentsoc	P	2012-03-01 - 2012-12-01	Public Library II Collection ; For-Profit Academic Biological Sciences Collection ; Biological Sciences Collection ; For-Profit Academic Life Sciences Collection ; Science, Technology & Mathematics Discipline Package ; Life Sciences Collection	Aquatic Sciences ; Biological Sciences ; Ecology & Evolutionary Biology ; Science & Mathematics	731694299	2011202907
Frontiers in Ecology and the Environment	15409295		2003-02-01	1	1	2013-12-01	11	10	http://www.jstor.org/journal/fronecolenvi		fronecolenvi	P3Y	fulltext		Ecological Society of America	serial								P	2003-02-01 - 2013-12-01	For-Profit Academic Biological Sciences Collection ; Public Library II Collection ; Biological Sciences Collection ; For-Profit Academic Life Sciences Collection ; Life Sciences Collection ; Ecology & Botany II Collection	Biological Sciences ; Botany & Plant Sciences ; Ecology & Evolutionary Biology ; Science & Mathematics	50198052	2002-213688
Functional Ecology	02698463	13652435	1987-01-01	1	4	2010-12-01	24	6	http://www.jstor.org/journal/funcecol		funcecol	P6Y	fulltext		British Ecological Society	serial								P	1987-01-01 - 2010-12-01	Biological Sciences Collection ; Life Sciences Collection ; Ecology & Botany I Collection	Biological Sciences ; Ecology & Evolutionary Biology ; Science & Mathematics	45446903	00-227445
Global Ecology and Biogeography	1466822X	1466822X	1999-01-01	8	1	2005-11-01	14	6	http://www.jstor.org/journal/globecolbiog		globecolbiog	P11Y	fulltext		Wiley	serial							globecolbioglett	P	1999-01-01 - 2005-11-01	Biological Sciences Collection ; Life Sciences Collection ; Ecology & Botany I Collection	Biological Sciences ; Ecology & Evolutionary Biology ; Science & Mathematics	51300804	2003-227001
Global Ecology and Biogeography Letters	09607447		1991-01-01	1	1	1998-11-01	7	6	http://www.jstor.org/journal/globecolbioglett		globecolbioglett	P11Y	fulltext		Wiley	serial						globecolbiog		P	1991-01-01 - 1998-11-01	Biological Sciences Collection ; Life Sciences Collection ; Ecology & Botany I Collection	Biological Sciences ; Ecology & Evolutionary Biology ; Science & Mathematics	45446918	00-227436
Herpetologica	00180831	19385099	1936-07-11	1	1	2012-12-01	68	4	http://www.jstor.org/journal/herpetologica		herpetologica	P4Y	fulltext		Allen Press	serial								P	1936-07-11 - 2012-12-01	Public Library II Collection ; For-Profit Academic Biological Sciences Collection ; Biological Sciences Collection ; For-Profit Academic Life Sciences Collection ; Life Sciences Collection	Biological Sciences ; Science & Mathematics ; Zoology	52479252	2004-242162
Herpetological Monographs	07331347	19385137	1982-01-01	1		2012-01-01	26		http://www.jstor.org/journal/herpmono		herpmono	P4Y	fulltext		Herpetologists' League	serial								P	1982-01-01 - 2012-01-01	For-Profit Academic Biological Sciences Collection ; Public Library II Collection ; Biological Sciences Collection ; For-Profit Academic Life Sciences Collection ; Life Sciences Collection	Biological Sciences ; Science & Mathematics ; Zoology	52427622	2004-242185
Holarctic Ecology	01059327		1978-01-01	1	2/3	1991-10-01	14	4	http://www.jstor.org/journal/holarcticecology		holarcticecology	P8Y	fulltext		Wiley	serial						ecography		P	1978-01-01 - 1991-10-01	Public Library II Collection ; For-Profit Academic Biological Sciences Collection ; Biological Sciences Collection ; For-Profit Academic Life Sciences Collection ; Life Sciences Collection ; Ecology & Botany II Collection	Biological Sciences ; Ecology & Evolutionary Biology ; Science & Mathematics	67618257	2007-235410
In Vitro	00735655		1965-01-01	1		1984-12-01	20	12	http://www.jstor.org/journal/invitro		invitro	P4Y	fulltext		Society for In Vitro Biology	serial						invitrcelldeve		P	1965-01-01 - 1984-12-01	Biological Sciences Collection ; Life Sciences Collection ; Ecology & Botany II Collection	Biological Sciences ; Developmental & Cell Biology ; Science & Mathematics ; Zoology	140057905	2007-247635
In Vitro Cellular & Developmental Biology	08838364		1985-01-01	21	1	1993-03-01	29A	3	http://www.jstor.org/journal/invitrcelldeve		invitrcelldeve	P4Y	fulltext		Society for In Vitro Biology	serial						invitrcelldeveplan	invitro	P	1985-01-01 - 1993-03-01	Biological Sciences Collection ; Life Sciences Collection ; Ecology & Botany II Collection	Biological Sciences ; Developmental & Cell Biology ; Science & Mathematics ; Zoology	61314296	2007-247636
In Vitro Cellular & Developmental Biology. Animal	10712690	1543706X	1993-03-01	29A	3	2012-11-01	48	10	http://www.jstor.org/journal/invitrcelldeveanim		invitrcelldeveanim	P4Y	fulltext		Society for In Vitro Biology	serial							invitrcelldeve	P	1993-03-01 - 2012-11-01	Public Library II Collection ; For-Profit Academic Biological Sciences Collection ; Biological Sciences Collection ; For-Profit Academic Life Sciences Collection ; Life Sciences Collection	Biological Sciences ; Developmental & Cell Biology ; Science & Mathematics ; Zoology	46381495	2002-229031
In Vitro Cellular & Developmental Biology. Plant	10545476	14752689	1991-01-01	27P	1	2012-07-01	48	4	http://www.jstor.org/journal/invitrcelldeveplan		invitrcelldeveplan	P4Y	fulltext		Society for In Vitro Biology	serial							invitrcelldeve	P	1991-01-01 - 2012-07-01	For-Profit Academic Biological Sciences Collection ; Public Library II Collection ; Biological Sciences Collection ; For-Profit Academic Life Sciences Collection ; Life Sciences Collection ; Ecology & Botany II Collection	Biological Sciences ; Botany & Plant Sciences ; Developmental & Cell Biology ; Science & Mathematics	51330070	2005-233023
Integrative and Comparative Biology	15407063	15577023	2002-02-01	42	1	2010-12-01	50	6	http://www.jstor.org/journal/intecompbiol		intecompbiol	P6Y	fulltext		Oxford University Press	serial							amerzool	P	2002-02-01 - 2010-12-01	Biological Sciences Collection ; Life Sciences Collection	Biological Sciences ; Science & Mathematics ; Zoology	50649976	2005-213141
International Journal of Plant Sciences	10585893	15375315	1992-03-01	153	1	2012-11-01	173	9	http://www.jstor.org/journal/intejplanscie		intejplanscie	P4Y	fulltext		University of Chicago Press	serial							botanicalgazette	P	1992-03-01 - 2012-11-01	Public Library II Collection ; For-Profit Academic Biological Sciences Collection ; Biological Sciences Collection ; For-Profit Academic Life Sciences Collection ; Science, Technology & Mathematics Discipline Package ; Life Sciences Collection ; Ecology & Botany I Collection	Biological Sciences ; Botany & Plant Sciences ; Environmental Science ; Science & Mathematics	45446752	00-227434
Invertebrate Biology	10778306	17447410	1995-01-01	114	1	2010-01-01	129	2	http://www.jstor.org/journal/invebiol		invebiol	P6Y	fulltext		Wiley	serial							tranamermicrsoci	P	1995-01-01 - 2010-01-01	Biological Sciences Collection ; Life Sciences Collection	Biological Sciences ; Science & Mathematics ; Zoology	58046702	2005 242118
Journal of Animal Ecology	00218790	13652656	1932-05-01	1	1	2010-11-01	79	6	http://www.jstor.org/journal/janimalecology		janimalecology	P6Y	fulltext		British Ecological Society	serial								P	1932-05-01 - 2010-11-01	Biological Sciences Collection ; Arts & Sciences I Collection ; Life Sciences Collection ; Ecology & Botany I Collection	Biological Sciences ; Ecology & Evolutionary Biology ; Science & Mathematics	42799265	sn99-23440
Journal of Applied Ecology	00218901	13652664	1964-05-01	1	1	2010-12-01	47	6	http://www.jstor.org/journal/jappliedecology		jappliedecology	P6Y	fulltext		British Ecological Society	serial								P	1964-05-01 - 2010-12-01	Biological Sciences Collection ; Life Sciences Collection ; Ecology & Botany I Collection	Biological Sciences ; Ecology & Evolutionary Biology ; Science & Mathematics	45446931	00-227420
The Journal of Arachnology	01618202	19372396	1973-01-01	1	1	2014-01-01	42	3	http://www.jstor.org/journal/jarachnology		jarachnology	P2Y	fulltext		American Arachnological Society	serial								P	1973-01-01 - 2014-01-01	Public Library II Collection ; For-Profit Academic Biological Sciences Collection ; Biological Sciences Collection ; For-Profit Academic Life Sciences Collection ; Life Sciences Collection	Biological Sciences ; Science & Mathematics ; Zoology	49342591	2004-242180
Journal of Avian Biology	09088857	1600048X	1994-03-01	25	1	2008-11-01	39	6	http://www.jstor.org/journal/javianbiology		javianbiology	P8Y	fulltext		Wiley	serial							orniscan	P	1994-03-01 - 2008-11-01	Public Library II Collection ; For-Profit Academic Biological Sciences Collection ; Biological Sciences Collection ; For-Profit Academic Life Sciences Collection ; Life Sciences Collection	Biological Sciences ; Science & Mathematics ; Zoology	48372181	2004-233452
Journal of Avian Medicine and Surgery	10826742		1995-03-01	9	1	2012-12-01	26	4	http://www.jstor.org/journal/javianmedsurg		javianmedsurg	P4Y	fulltext		Association of Avian Veterinarians	serial							jassoavianvet	P	1995-03-01 - 2012-12-01	Public Library II Collection ; For-Profit Academic Biological Sciences Collection ; Biological Sciences Collection ; For-Profit Academic Life Sciences Collection ; Life Sciences Collection	Biological Sciences ; Science & Mathematics ; Zoology	46381496	2001-252617
Journal of Biogeography	03050270	13652699	1974-03-01	1	1	2005-12-01	32	12	http://www.jstor.org/journal/jbiogeography		jbiogeography	P11Y	fulltext		Wiley	serial								P	1974-03-01 - 2005-12-01	Public Library II Collection ; For-Profit Academic Biological Sciences Collection ; Biological Sciences Collection ; For-Profit Academic Life Sciences Collection ; Life Sciences Collection ; Ecology & Botany I Collection	Biological Sciences ; Ecology & Evolutionary Biology ; Science & Mathematics	45446950	00-227438
Journal of Coastal Conservation	14000350	18747841	1995-01-01	1	2	2012-12-01	16	4	http://www.jstor.org/journal/jcoascons		jcoascons	P4Y	fulltext		Springer	serial								P	1995-01-01 - 2012-12-01	For-Profit Academic Biological Sciences Collection ; Public Library II Collection ; Biological Sciences Collection ; For-Profit Academic Life Sciences Collection ; Life Sciences Collection	Aquatic Sciences ; Biological Sciences ; Science & Mathematics	54089909	2004252557
Journal of Coastal Research	07490208	15515036	1985-01-01	1	1	2015-11-01	31	6	http://www.jstor.org/journal/jcoasrese		jcoasrese	P1Y	fulltext		Coastal Education & Research Foundation, Inc.	serial							litoralia	P	1985-01-01 - 2015-11-01	Public Library II Collection ; For-Profit Academic Biological Sciences Collection ; Biological Sciences Collection ; For-Profit Academic Life Sciences Collection ; Life Sciences Collection	Aquatic Sciences ; Biological Sciences ; Ecology & Evolutionary Biology ; Science & Mathematics	56019987	2004-213213
Journal of Crustacean Biology	02780372	1937240X	1981-02-01	1	1	2010-11-01	30	4	http://www.jstor.org/journal/jcrusbiol		jcrusbiol	P6Y	fulltext			serial								P	1981-02-01 - 2010-11-01	Biological Sciences Collection ; Life Sciences Collection	Biological Sciences ; Science & Mathematics ; Zoology	48683499	2004-242197
Journal of Ecology	00220477	13652745	1913-03-01	1	1	2010-11-01	98	6	http://www.jstor.org/journal/jecology		jecology	P6Y	fulltext		British Ecological Society	serial								P	1913-03-01 - 2010-11-01	Public Library II Collection ; For-Profit Academic Biological Sciences Collection ; For-Profit Academic Arts & Sciences I Collection ; Biological Sciences Collection ; Public Library I Collection ; For-Profit Academic Life Sciences Collection ; Arts & Sciences I Collection ; Life Sciences Collection ; Ecology & Botany I Collection	Biological Sciences ; Ecology & Evolutionary Biology ; Science & Mathematics	40892763	sn99-23371
Journal of Field Ornithology	02738570	15579263	1980-01-01	51	1	2012-12-01	83	4	http://www.jstor.org/journal/jfielorni		jfielorni	P4Y	fulltext		Wiley	serial							birdband	P	1980-01-01 - 2012-12-01	Public Library II Collection ; For-Profit Academic Biological Sciences Collection ; Biological Sciences Collection ; For-Profit Academic Life Sciences Collection ; Life Sciences Collection	Biological Sciences ; Science & Mathematics ; Zoology	48412068	2004-242167
Journal of Herpetology	00221511	19372418	1968-03-29	1	1/4	2012-12-01	46	4	http://www.jstor.org/journal/jherpetology		jherpetology	P4Y	fulltext		Society for the Study of Amphibians and Reptiles	serial							johioherpsoci	P	1968-03-29 - 2012-12-01	Public Library II Collection ; For-Profit Academic Biological Sciences Collection ; Biological Sciences Collection ; For-Profit Academic Life Sciences Collection ; Life Sciences Collection	Biological Sciences ; Science & Mathematics ; Zoology	51647232	2003-256014
Journal of Mammalogy	00222372	15451542	1919-11-01	1	1	2012-12-01	93	6	http://www.jstor.org/journal/jmammalogy		jmammalogy	P4Y	fulltext		American Society of Mammalogists	serial								P	1919-11-01 - 2012-12-01	For-Profit Academic Biological Sciences Collection ; Public Library II Collection ; Biological Sciences Collection ; For-Profit Academic Life Sciences Collection ; Life Sciences Collection	Biological Sciences ; Ecology & Evolutionary Biology ; Science & Mathematics ; Zoology	39098574	2003-215246
The Journal of Mycology	10520368		1885-01-01	1	1	1908-04-01	14	2	http://www.jstor.org/journal/jmycology		jmycology	P4Y	fulltext		Mycological Society of America	serial						ohiomycobull		P	1885-01-01 - 1908-04-01	Biological Sciences Collection ; Life Sciences Collection ; Ecology & Botany II Collection	Biological Sciences ; Botany & Plant Sciences ; Science & Mathematics	85848909	2007-234105
Journal of Orthoptera Research	10826467	19372426	1992-12-01		1	2014-01-01	23	1	http://www.jstor.org/journal/jorthrese		jorthrese	P2Y	fulltext		Orthopterists' Society	serial								P	1992-12-01 - 2014-01-01	For-Profit Academic Biological Sciences Collection ; Public Library II Collection ; Biological Sciences Collection ; For-Profit Academic Life Sciences Collection ; Life Sciences Collection	Biological Sciences ; Science & Mathematics ; Zoology	50870468	2003-252232
Journal of Paleontology	00223360	19372337	1927-07-01	1	1	2011-11-01	85	6	http://www.jstor.org/journal/jpaleontology		jpaleontology	P5Y	fulltext		Paleontological Society	serial								P	1927-07-01 - 2011-11-01	Biological Sciences Collection ; Life Sciences Collection	Biological Sciences ; Paleontology ; Science & Mathematics	46381502	2005-236950
The Journal of Parasitology	00223395	19372345	1914-09-01	1	1	2012-12-01	98	6	http://www.jstor.org/journal/jparasitology		jparasitology	P4Y	fulltext		Allen Press	serial								P	1914-09-01 - 2012-12-01	For-Profit Academic Biological Sciences Collection ; Public Library II Collection ; Biological Sciences Collection ; For-Profit Academic Life Sciences Collection ; Life Sciences Collection	Biological Sciences ; Science & Mathematics ; Zoology	46381505	2006-236657
Journal of Range Management	0022409X		1948-10-01	1	1	2004-11-01	57	6	http://www.jstor.org/journal/jrangemanagement		jrangemanagement	P4Y	fulltext		Society for Range Management	serial						rangecolmana		P	1948-10-01 - 2004-11-01	Public Library II Collection ; For-Profit Academic Biological Sciences Collection ; Biological Sciences Collection ; For-Profit Academic Life Sciences Collection ; Life Sciences Collection ; Ecology & Botany II Collection	Biological Sciences ; Ecology & Evolutionary Biology ; Science & Mathematics	50565559	2005-263046
Journal of the Arizona Academy of Science	00041378	21692076	1959-06-01	1	1	1977-10-01	12	3	http://www.jstor.org/journal/jarizacadsci		jarizacadsci	P2Y	fulltext		Arizona-Nevada Academy of Sciences	serial						jariznevaacadsci		P	1959-06-01 - 1977-10-01	Biological Sciences Collection ; Life Sciences Collection	Biological Sciences ; Science & Mathematics	297680827	2009-235453
Journal of the Arizona-Nevada Academy of Science	01938509	15336085	1978-02-01	13	1	2014-01-01	45	2	http://www.jstor.org/journal/jariznevaacadsci		jariznevaacadsci	P2Y	fulltext		Arizona-Nevada Academy of Sciences	serial							jarizacadsci	P	1978-02-01 - 2014-01-01	Public Library II Collection ; For-Profit Academic Biological Sciences Collection ; Biological Sciences Collection ; For-Profit Academic Life Sciences Collection ; Life Sciences Collection	Biological Sciences ; Science & Mathematics	60029181	2007-242261
Journal of the Association of Avian Veterinarians	10448314		1989-04-01	3	1	1994-04-01	8	1	http://www.jstor.org/journal/jassoavianvet		jassoavianvet	P4Y	fulltext		Association of Avian Veterinarians	serial						javianmedsurg	aavtoday	P	1989-04-01 - 1994-04-01	Biological Sciences Collection ; Life Sciences Collection	Biological Sciences ; Science & Mathematics ; Zoology	432341213	2009-235466
Journal of the Kansas Entomological Society	00228567	19372353	1928-01-01	1	1	2012-10-01	85	4	http://www.jstor.org/journal/jkansentosoci		jkansentosoci	P4Y	fulltext		Kansas (Central States) Entomological Society	serial								P	1928-01-01 - 2012-10-01	For-Profit Academic Biological Sciences Collection ; Public Library II Collection ; Biological Sciences Collection ; For-Profit Academic Life Sciences Collection ; Life Sciences Collection	Biological Sciences ; Science & Mathematics ; Zoology	61690607	2007-213469
Journal of the New York Entomological Society	00287199	19372361	1893-03-01	1	1	2006-12-01	114	4	http://www.jstor.org/journal/jnewyorkentosoci		jnewyorkentosoci	P6Y	fulltext		New York Entomological Society	serial						entoamer		P	1893-03-01 - 2006-12-01	Biological Sciences Collection ; Life Sciences Collection	Biological Sciences ; Science & Mathematics ; Zoology	47991597	2004242170
Journal of the North American Benthological Society	08873593	1937237X	1986-03-01	5	1	2011-12-01	30	4	http://www.jstor.org/journal/jnortamerbentsoc		jnortamerbentsoc	P4Y	fulltext		University of Chicago Press	serial						fresscie	fresinvebiol	P	1986-03-01 - 2011-12-01	Public Library II Collection ; For-Profit Academic Biological Sciences Collection ; Biological Sciences Collection ; For-Profit Academic Life Sciences Collection ; Science, Technology & Mathematics Discipline Package ; Life Sciences Collection	Aquatic Sciences ; Biological Sciences ; Ecology & Evolutionary Biology ; Science & Mathematics	54970208	2004-242178
Journal of the Ohio Herpetological Society	04739868		1959-09-20	2	2	1966-12-30	5	4	http://www.jstor.org/journal/johioherpsoci		johioherpsoci	P4Y	fulltext		Society for the Study of Amphibians and Reptiles	serial						jherpetology	trimrepoohioherp	P	1959-09-20 - 1966-12-30	Biological Sciences Collection ; Life Sciences Collection	Biological Sciences ; Science & Mathematics ; Zoology	63582232	2006-236655
The Journal of the Southern Appalachian Botanical Club	19368909		1936-01-01	1	1	1937-03-01	2	3	http://www.jstor.org/journal/jsoutappabotaclu		jsoutappabotaclu	P4Y	fulltext		Allen Press	serial						castanea		P	1936-01-01 - 1937-03-01	Biological Sciences Collection ; Life Sciences Collection ; Ecology & Botany II Collection	Biological Sciences ; Botany & Plant Sciences ; Science & Mathematics	175290721	2007-265273
The Journal of the Torrey Botanical Society	10955674		1997-01-01	124	1	2012-10-01	139	4	http://www.jstor.org/journal/jtorrbotasoci		jtorrbotasoci	P4Y	fulltext		Torrey Botanical Society	serial							bulltorrbotaclub	P	1997-01-01 - 2012-10-01	For-Profit Academic Biological Sciences Collection ; Public Library II Collection ; Biological Sciences Collection ; For-Profit Academic Life Sciences Collection ; Life Sciences Collection ; Ecology & Botany I Collection	Biological Sciences ; Botany & Plant Sciences ; Science & Mathematics	45640499	2001-227000
The Journal of the Wilson Ornithological Chapter of the Agassiz Association	19386796		1893-01-01	5	1	1893-06-01	5	2	http://www.jstor.org/journal/jwilsornichap		jwilsornichap	P4Y	fulltext		Wilson Ornithological Society	serial						wilsbull	wilsq	P	1893-01-01 - 1893-06-01	For-Profit Academic Biological Sciences Collection ; Public Library II Collection ; Biological Sciences Collection ; For-Profit Academic Life Sciences Collection ; Life Sciences Collection	Biological Sciences ; Science & Mathematics ; Zoology	54519759	2004-242176
Journal of Tropical Ecology	02664674	14697831	1985-02-01	1	1	2010-11-01	26	6	http://www.jstor.org/journal/jtropicalecology		jtropicalecology	P6Y	fulltext		Cambridge University Press	serial								P	1985-02-01 - 2010-11-01	For-Profit Academic Biological Sciences Collection ; Public Library II Collection ; Biological Sciences Collection ; For-Profit Academic Life Sciences Collection ; Life Sciences Collection ; Ecology & Botany I Collection	Biological Sciences ; Ecology & Evolutionary Biology ; Science & Mathematics	45446962	00-227429
Journal of Vegetation Science	11009233	16541103	1990-02-01	1	1	2010-12-01	21	6	http://www.jstor.org/journal/jvegescie		jvegescie	P6Y	fulltext		Wiley	serial								P	1990-02-01 - 2010-12-01	Biological Sciences Collection ; Life Sciences Collection ; Ecology & Botany II Collection	Biological Sciences ; Botany & Plant Sciences ; Science & Mathematics	50781866	2004-242192
Journal of Vertebrate Paleontology	02724634	19372809	1981-06-01	1	1	2012-11-01	32	6	http://www.jstor.org/journal/jvertpale		jvertpale	P4Y	fulltext		Taylor & Francis, Ltd.	serial								P	1981-06-01 - 2012-11-01	For-Profit Academic Biological Sciences Collection ; Public Library II Collection ; Biological Sciences Collection ; For-Profit Academic Life Sciences Collection ; Life Sciences Collection	Biological Sciences ; Paleontology ; Science & Mathematics	47723158	2004-242166
The Journal of Wildlife Management	0022541X	19372817	1937-07-01	1	1/2	2013-11-01	77	8	http://www.jstor.org/journal/jwildmana		jwildmana	P3Y	fulltext		Wiley	serial						wildsocibull		P	1937-07-01 - 2013-11-01	For-Profit Academic Biological Sciences Collection ; Public Library II Collection ; Biological Sciences Collection ; For-Profit Academic Life Sciences Collection ; Life Sciences Collection	Biological Sciences ; Science & Mathematics ; Zoology	60615927	2007-234114
Journal of Zoo and Wildlife Medicine	10427260	19372825	1989-01-01	20	3	2010-12-01	41	4	http://www.jstor.org/journal/jzoowildmedi		jzoowildmedi	P6Y	fulltext		American Association of Zoo Veterinarians	serial							jzooanimmedi	P	1989-01-01 - 2010-12-01	Biological Sciences Collection ; Life Sciences Collection	Biological Sciences ; Science & Mathematics ; Zoology	46381514	2001-252668
The Journal of Zoo Animal Medicine	00934526		1970-09-01	1	1	1988-12-01	19	4	http://www.jstor.org/journal/jzooanimmedi		jzooanimmedi	P6Y	fulltext		American Association of Zoo Veterinarians	serial						jzoowildmedi		P	1970-09-01 - 1988-12-01	Biological Sciences Collection ; Life Sciences Collection	Biological Sciences ; Science & Mathematics ; Zoology	312771806	2009-235205
Journal (Water Pollution Control Federation)	00431303		1960-01-01	32	1	1989-08-01	61	8	http://www.jstor.org/journal/jwatpollcontfed		jwatpollcontfed	P8Y	fulltext		Water Environment Federation	serial						rjwatpollcontfed	sewainduwast	P	1960-01-01 - 1989-08-01	Biological Sciences Collection ; Life Sciences Collection	Aquatic Sciences ; Science & Mathematics	299097524	2009235058
Kew Bulletin	00755974	1874933X	1946-01-01	1	1	2012-01-01	67	2	http://www.jstor.org/journal/kewbulletin		kewbulletin	P4Y	fulltext		Springer	serial							bullmiscinforoya	P	1946-01-01 - 2012-01-01	Public Library II Collection ; For-Profit Academic Biological Sciences Collection ; Biological Sciences Collection ; For-Profit Academic Life Sciences Collection ; Life Sciences Collection ; Ecology & Botany II Collection	Biological Sciences ; Botany & Plant Sciences ; Science & Mathematics	60623869	2007-265280
Lindbergia	01050761	20015909	1971-01-01	1	1/2	2011-01-01	34		http://www.jstor.org/journal/lindbergia		lindbergia	P5Y	fulltext		Oikos Editorial Office	serial								P	1971-01-01 - 2011-01-01	Biological Sciences Collection ; Life Sciences Collection ; Ecology & Botany II Collection	Biological Sciences ; Botany & Plant Sciences ; Science & Mathematics	320636277	2009-235093
Litoralia	07426054	24706035	1984-07-01	1	1	1984-07-01	1	1	http://www.jstor.org/journal/litoralia		litoralia	P1Y	fulltext		Coastal Education & Research Foundation, Inc.	serial						jcoasrese		P	1984-07-01	Biological Sciences Collection ; Life Sciences Collection	Aquatic Sciences ; Biological Sciences ; Ecology & Evolutionary Biology ; Science & Mathematics		
Maine Naturalist	10633626		1993-01-01	1	2	1995-01-01	3	2	http://www.jstor.org/journal/mainenaturalist		mainenaturalist	P4Y	fulltext		Eagle Hill Institute	serial						nortnatu2		P	1993-01-01 - 1995-01-01	Public Library II Collection ; For-Profit Academic Biological Sciences Collection ; Biological Sciences Collection ; For-Profit Academic Life Sciences Collection ; Life Sciences Collection ; Ecology & Botany II Collection	Biological Sciences ; Ecology & Evolutionary Biology ; Science & Mathematics	137246130	2007-234134
Mammalian Species	00763519	15451410	1969-12-29		1	2012-01-01	44	1	http://www.jstor.org/journal/mammalianspecies		mammalianspecies	P4Y	fulltext		American Society of Mammalogists	serial								P	1969-12-29 - 2012-01-01	For-Profit Academic Biological Sciences Collection ; Public Library II Collection ; Biological Sciences Collection ; For-Profit Academic Life Sciences Collection ; Life Sciences Collection	Biological Sciences ; Ecology & Evolutionary Biology ; Science & Mathematics ; Zoology	46381503	2003-215241
Memoir (Society of Vertebrate Paleontology)	1062161X	23265116	1991-03-28	1		2012-11-01	12		http://www.jstor.org/journal/memosocivertpale		memosocivertpale	P4Y	fulltext		Taylor & Francis, Ltd.	serial								P	1991-03-28 - 2012-11-01	Public Library II Collection ; For-Profit Academic Biological Sciences Collection ; Biological Sciences Collection ; For-Profit Academic Life Sciences Collection ; Life Sciences Collection	Biological Sciences ; Paleontology ; Science & Mathematics	175290708	2007-265264
Memoir (The Paleontological Society)	00788597	19372833	1968-05-01	1		2009-11-01	71		http://www.jstor.org/journal/memopalesoci		memopalesoci	P5Y	fulltext		Paleontological Society	serial								P	1968-05-01 - 2009-11-01	Biological Sciences Collection ; Life Sciences Collection	Biological Sciences ; Paleontology ; Science & Mathematics	60339747	2005-236955
Memoirs of the Torrey Botanical Club	00973807	24706019	1889-05-25	1	1	1993-09-01	25	1	http://www.jstor.org/journal/memotorrbotaclub		memotorrbotaclub	P4Y	fulltext		Torrey Botanical Society	serial						memotorrbotasoci		P	1889-05-25 - 1993-09-01	Biological Sciences Collection ; Life Sciences Collection ; Ecology & Botany I Collection	Biological Sciences ; Botany & Plant Sciences ; Science & Mathematics		
Memoirs of the Torrey Botanical Society	2380128X		2010-01-01	26		2010-01-01	26		http://www.jstor.org/journal/memotorrbotasoci		memotorrbotasoci	P4Y	fulltext		Torrey Botanical Society	serial							memotorrbotaclub	P	2010-01-01	Biological Sciences Collection ; Life Sciences Collection ; Ecology & Botany I Collection	Biological Sciences ; Botany & Plant Sciences ; Science & Mathematics		
Microbial Ecology	00953628	1432184X	1974-01-01	1	2	2012-11-01	64	4	http://www.jstor.org/journal/micrecol		micrecol	P4Y	fulltext		Springer	serial								P	1974-01-01 - 2012-11-01	Biological Sciences Collection ; Life Sciences Collection	Biological Sciences ; Ecology & Evolutionary Biology ; Science & Mathematics	41239662	2004233237
The Micropaleontologist	10500960		1947-07-01	1	1	1954-10-01	8	4	http://www.jstor.org/journal/micr2		micr2	P4Y	fulltext		Micropaleontology Project., Inc.	serial						micr		P	1947-07-01 - 1954-10-01	Biological Sciences Collection ; Life Sciences Collection	Biological Sciences ; Paleontology ; Science & Mathematics	61496568	2005-237231
Micropaleontology	00262803	19372795	1955-01-01	1	1	2012-01-01	58	6	http://www.jstor.org/journal/micr		micr	P4Y	fulltext		Micropaleontology Project., Inc.	serial							micr2	P	1955-01-01 - 2012-01-01	Biological Sciences Collection ; Life Sciences Collection	Biological Sciences ; Paleontology ; Science & Mathematics	51501164	2005-233132
The Midland Naturalist	02716844		1909-04-01	1	1	1909-10-01	1	4	http://www.jstor.org/journal/midlnatu		midlnatu	P4Y	fulltext		University of Notre Dame	serial						amermidlnatu		P	1909-04-01 - 1909-10-01	Biological Sciences Collection ; Life Sciences Collection ; Ecology & Botany I Collection	Biological Sciences ; Ecology & Evolutionary Biology ; Science & Mathematics	45446829	00-227426
Missouri Botanical Garden Annual Report	08933243		1890-01-01	1890		1912-01-01	1912		http://www.jstor.org/journal/missbotagardannu		missbotagardannu		fulltext	Publication of this title ceased in 1912.	Missouri Botanical Garden Press	serial								P	1890-01-01 - 1912-01-01	Biological Sciences Collection ; Life Sciences Collection ; Ecology & Botany I Collection	Biological Sciences ; Botany & Plant Sciences ; Science & Mathematics	45446772	00-227439
Mitteilungen aus dem botanischen Garten und Museum Berlin-Dahlem	03748960		1953-08-04	1	1	1953-08-04	1	1	http://www.jstor.org/journal/mittausbotagartm		mittausbotagartm	P4Y	fulltext		Botanischer Garten und Botanisches Museum, Berlin-Dahlem	serial						willdenowia	notikonibotagart	P	1953-08-04	Biological Sciences Collection ; Life Sciences Collection ; Ecology & Botany II Collection	Biological Sciences ; Botany & Plant Sciences ; Science & Mathematics	175290711	2007-265265
Mountain Research and Development	02764741	19947151	1981-05-01	1	1	2015-08-01	35	3	http://www.jstor.org/journal/mounresedeve		mounresedeve	P1Y	fulltext		International Mountain Society	serial								P	1981-05-01 - 2015-08-01	Biological Sciences Collection ; Life Sciences Collection ; Ecology & Botany II Collection	Biological Sciences ; Ecology & Evolutionary Biology ; Science & Mathematics	46706660	2007-235404
The Murrelet	00273716		1920-05-01	1	1	1988-10-01	69	3	http://www.jstor.org/journal/murrelet		murrelet	P4Y	fulltext		Society for Northwestern Vertebrate Biology	serial						nortnatu		P	1920-05-01 - 1988-10-01	Biological Sciences Collection ; Life Sciences Collection	Biological Sciences ; Ecology & Evolutionary Biology ; Science & Mathematics	73082126	2006-236991
Mycologia	00275514	15572536	1909-01-01	1	1	2012-11-01	104	6	http://www.jstor.org/journal/mycologia		mycologia	P4Y	fulltext		Mycological Society of America	serial							mycobull	P	1909-01-01 - 2012-11-01	Biological Sciences Collection ; Life Sciences Collection ; Ecology & Botany II Collection	Biological Sciences ; Botany & Plant Sciences ; Science & Mathematics	51635219	2005-214998
Mycological Bulletin	19494637		1904-02-27	2	13	1908-03-01	6	87	http://www.jstor.org/journal/mycobull		mycobull	P4Y	fulltext		Mycological Society of America	serial						mycologia	ohiomycobull	P	1904-02-27 - 1908-03-01	Biological Sciences Collection ; Life Sciences Collection ; Ecology & Botany II Collection	Biological Sciences ; Botany & Plant Sciences ; Science & Mathematics	297229808	2009-235755
The New Phytologist	0028646X	14698137	1902-01-23	1	1	2012-12-01	196	4	http://www.jstor.org/journal/newphytologist		newphytologist	P4Y	fulltext		Wiley	serial								P	1902-01-23 - 2012-12-01	Public Library II Collection ; For-Profit Academic Biological Sciences Collection ; Biological Sciences Collection ; For-Profit Academic Life Sciences Collection ; Life Sciences Collection ; Ecology & Botany I Collection	Biological Sciences ; Botany & Plant Sciences ; Science & Mathematics	45446781	00-227421
Northeastern Naturalist	10926194	19385307	1997-01-01	4	2	2012-01-01	19	4	http://www.jstor.org/journal/nortnatu2		nortnatu2	P4Y	fulltext		Eagle Hill Institute	serial							mainenaturalist	P	1997-01-01 - 2012-01-01	Public Library II Collection ; For-Profit Academic Biological Sciences Collection ; Biological Sciences Collection ; For-Profit Academic Life Sciences Collection ; Life Sciences Collection ; Ecology & Botany II Collection	Biological Sciences ; Ecology & Evolutionary Biology ; Science & Mathematics	46381506	2001-252618
Northwestern Naturalist	10511733	19385315	1989-04-01	70	1	2012-12-01	93	3	http://www.jstor.org/journal/nortnatu		nortnatu	P4Y	fulltext		Society for Northwestern Vertebrate Biology	serial							murrelet	P	1989-04-01 - 2012-12-01	Biological Sciences Collection ; Life Sciences Collection	Biological Sciences ; Ecology & Evolutionary Biology ; Science & Mathematics	56475424	2004-242173
Notizblatt des Königl. botanischen Gartens und Museums zu Berlin	02581485		1895-01-02	1	1	1944-10-01	15	7	http://www.jstor.org/journal/notikonibotagart		notikonibotagart	P4Y	fulltext		Botanischer Garten und Botanisches Museum, Berlin-Dahlem	serial						mittausbotagartm		P	1895-01-02 - 1944-10-01	Biological Sciences Collection ; Life Sciences Collection ; Ecology & Botany II Collection	Biological Sciences ; Botany & Plant Sciences ; Science & Mathematics	175290710	2007-265266
Novon	10553177		1991-01-01	1	1	2012-11-01	22	2	http://www.jstor.org/journal/novon		novon	P4Y	fulltext		Missouri Botanical Garden Press	serial								P	1991-01-01 - 2012-11-01	Biological Sciences Collection ; Life Sciences Collection ; Ecology & Botany II Collection	Biological Sciences ; Botany & Plant Sciences ; Science & Mathematics	70103618	2006-236982
Oecologia	00298549	14321939	1968-01-01	1	3	2012-12-01	170	4	http://www.jstor.org/journal/oecologia		oecologia	P4Y	fulltext		Springer	serial							zeitmorpokoltier	P	1968-01-01 - 2012-12-01	Biological Sciences Collection ; Life Sciences Collection ; Ecology & Botany II Collection	Biological Sciences ; Ecology & Evolutionary Biology ; Science & Mathematics	39975551	2004-233443
Ohio Mycological Bulletin	19494629		1903-03-07	1	1	1903-11-21	1	12	http://www.jstor.org/journal/ohiomycobull		ohiomycobull	P4Y	fulltext		Mycological Society of America	serial						mycobull	jmycology	P	1903-03-07 - 1903-11-21	Biological Sciences Collection ; Life Sciences Collection ; Ecology & Botany II Collection	Biological Sciences ; Botany & Plant Sciences ; Science & Mathematics	468003701	2009-235756
Oikos	00301299	16000706	1949-01-01	1	1	2008-12-01	117	12	http://www.jstor.org/journal/oikos		oikos	P8Y	fulltext		Wiley	serial								P	1949-01-01 - 2008-12-01	Biological Sciences Collection ; Life Sciences Collection ; Ecology & Botany II Collection	Biological Sciences ; Ecology & Evolutionary Biology ; Science & Mathematics ; Zoology	47679669	2004-233569
Ornis Scandinavica (Scandinavian Journal of Ornithology)	00305693		1970-01-01	1	2	1993-10-01	24	4	http://www.jstor.org/journal/orniscan		orniscan	P8Y	fulltext		Wiley	serial						javianbiology		P	1970-01-01 - 1993-10-01	Public Library II Collection ; For-Profit Academic Biological Sciences Collection ; Biological Sciences Collection ; For-Profit Academic Life Sciences Collection ; Life Sciences Collection	Biological Sciences ; Science & Mathematics ; Zoology	83543921	2007-235403
Ornithological Monographs	00786594	19412282	1964-01-01		1	2012-07-01	74	1	http://www.jstor.org/journal/ornithmono		ornithmono	P4Y	fulltext		American Ornithologists' Union	serial								P	1964-01-01 - 2012-07-01	For-Profit Academic Biological Sciences Collection ; Public Library II Collection ; Biological Sciences Collection ; For-Profit Academic Life Sciences Collection ; Life Sciences Collection	Biological Sciences ; Science & Mathematics ; Zoology	77079067	2008-214348
The Ornithologists' and Oologists' Semi-Annual	19386753		1889-01-01	1	1	1890-07-01	2	2	http://www.jstor.org/journal/ornioolosemi		ornioolosemi	P4Y	fulltext		Wilson Ornithological Society	serial						semiannuagas		P	1889-01-01 - 1890-07-01	For-Profit Academic Biological Sciences Collection ; Public Library II Collection ; Biological Sciences Collection ; For-Profit Academic Life Sciences Collection ; Life Sciences Collection	Biological Sciences ; Science & Mathematics ; Zoology	54519743	2004-242191
PALAIOS	08831351	19385323	1986-02-01	1	1	2010-11-01	25	11/12	http://www.jstor.org/journal/palaios		palaios	P6Y	fulltext		SEPM Society for Sedimentary Geology	serial								P	1986-02-01 - 2010-11-01	Biological Sciences Collection ; Life Sciences Collection	Biological Sciences ; Paleontology ; Science & Mathematics	48388903	2005-233142
Paleobiology	00948373	19385331	1975-01-01	1	1	2011-12-01	37	1	http://www.jstor.org/journal/paleobiology		paleobiology	P5Y	fulltext		Paleontological Society	serial								P	1975-01-01 - 2011-12-01	Biological Sciences Collection ; Life Sciences Collection ; Ecology & Botany I Collection	Biological Sciences ; Ecology & Evolutionary Biology ; Paleontology ; Science & Mathematics	45446976	00-227425
Paleontological Monograph	01978764		1978-11-01	1		1980-07-01	2		http://www.jstor.org/journal/palemono		palemono		fulltext	Publication of this title ceased in 1980.	SEPM Society for Sedimentary Geology	serial								P	1978-11-01 - 1980-07-01	Biological Sciences Collection ; Life Sciences Collection	Biological Sciences ; Paleontology ; Science & Mathematics	60339748	2005-236960
Palynology	01916122	15589188	1977-01-01	1		2010-12-01	34	2	http://www.jstor.org/journal/palynology		palynology	P6Y	fulltext		Taylor & Francis, Ltd.	serial							procannumeetamer	P	1977-01-01 - 2010-12-01	Biological Sciences Collection ; Life Sciences Collection	Biological Sciences ; Paleontology ; Science & Mathematics	60504591	2005-242017
Physiological and Biochemical Zoology: Ecological and Evolutionary Approaches	15222152	15375293	1999-01-01	72	1	2012-11-01	85	6	http://www.jstor.org/journal/physbioczool		physbioczool	P4Y	fulltext		University of Chicago Press	serial							physzool	P	1999-01-01 - 2012-11-01	For-Profit Academic Biological Sciences Collection ; Public Library II Collection ; Biological Sciences Collection ; For-Profit Academic Life Sciences Collection ; Science, Technology & Mathematics Discipline Package ; Life Sciences Collection	Biological Sciences ; Ecology & Evolutionary Biology ; Science & Mathematics ; Zoology	41275328	00-238842
Physiological Zoology	0031935X		1928-01-01	1	1	1998-11-01	71	6	http://www.jstor.org/journal/physzool		physzool	P4Y	fulltext		University of Chicago Press	serial						physbioczool		P	1928-01-01 - 1998-11-01	For-Profit Academic Biological Sciences Collection ; Public Library II Collection ; Biological Sciences Collection ; For-Profit Academic Life Sciences Collection ; Life Sciences Collection ; Science, Technology & Mathematics Discipline Package	Biological Sciences ; Ecology & Evolutionary Biology ; Science & Mathematics ; Zoology	49610468	2007-227648
The Plant Cell	10404651		1989-01-01	1	1	2013-12-01	25	12	http://www.jstor.org/journal/plantcell		plantcell	P3Y	fulltext		American Society of Plant Biologists (ASPB)	serial								P	1989-01-01 - 2013-12-01	Public Library II Collection ; For-Profit Academic Biological Sciences Collection ; Biological Sciences Collection ; For-Profit Academic Life Sciences Collection ; Life Sciences Collection ; Ecology & Botany II Collection	Biological Sciences ; Botany & Plant Sciences ; Science & Mathematics	43431395	00-212545
Plant Ecology	13850237	15735052	1997-01-01	133	1	2012-12-01	213	12	http://www.jstor.org/journal/plantecology		plantecology	P4Y	fulltext		Springer	serial							vegetatio	P	1997-01-01 - 2012-12-01	Biological Sciences Collection ; Life Sciences Collection ; Ecology & Botany II Collection	Biological Sciences ; Botany & Plant Sciences ; Ecology & Evolutionary Biology ; Science & Mathematics	37915892	2004-233350
Plant Ecology and Evolution	20323913	20323921	2010-01-01	143	2	2012-01-01	145	3	http://www.jstor.org/journal/planecolevol		planecolevol	P4Y	fulltext		Royal Botanical Society of Belgium	serial							systgeogplan	P	2010-01-01 - 2012-01-01	Biological Sciences Collection ; Life Sciences Collection ; Ecology & Botany II Collection	Biological Sciences ; Botany & Plant Sciences ; Science & Mathematics		
Plant Physiology	00320889	15322548	1926-01-01	1	1	2013-12-01	163	4	http://www.jstor.org/journal/planphys		planphys	P3Y	fulltext		American Society of Plant Biologists (ASPB)	serial								P	1926-01-01 - 2013-12-01	For-Profit Academic Biological Sciences Collection ; Public Library II Collection ; Biological Sciences Collection ; For-Profit Academic Life Sciences Collection ; Life Sciences Collection ; Ecology & Botany II Collection	Biological Sciences ; Botany & Plant Sciences ; Science & Mathematics	43437968	212541
The Plant World	00968307	23815876	1898-10-01	2	1	1919-12-01	22	12	http://www.jstor.org/journal/plantworld		plantworld	P3Y	fulltext		Ecological Society of America	serial						ecology		P	1898-10-01 - 1919-12-01	Biological Sciences Collection ; Arts & Sciences I Collection ; Life Sciences Collection ; Ecology & Botany I Collection	Biological Sciences ; Ecology & Evolutionary Biology ; Science & Mathematics		
Politics and the Life Sciences	07309384	14715457	1982-07-01	1	1	2012-04-01	31	1/2	http://www.jstor.org/journal/polilifescie		polilifescie	P4Y	fulltext		Association for Politics and the Life Sciences	serial								P	1982-07-01 - 2012-04-01	Biological Sciences Collection ; Arts & Sciences VI Collection ; Life Sciences Collection	Biological Sciences ; Health Sciences ; Medicine & Allied Health ; Political Science ; Science & Mathematics ; Social Sciences	46368130	2001227164
Proceedings of the Academy of Natural Sciences of Philadelphia	00973157	19385293	1841-03-01	1	1	2011-10-01	161		http://www.jstor.org/journal/procacadnatuscie		procacadnatuscie	P4Y	fulltext		Academy of Natural Sciences	serial								P	1841-03-01 - 2011-10-01	Biological Sciences Collection ; Life Sciences Collection	Biological Sciences ; Science & Mathematics	49749281	2004-242219
Proceedings of the American Microscopical Society	10602682		1892-10-01	14	1	1895-07-01	16	4	http://www.jstor.org/journal/procamermicrsoci		procamermicrsoci	P6Y	fulltext		Wiley	serial						tranamermicrsoci	procamersocimicr	P	1892-10-01 - 1895-07-01	Biological Sciences Collection ; Life Sciences Collection	Biological Sciences ; Science & Mathematics ; Zoology	61241596	2005 237210
Proceedings of the American Society of Microscopists	10601805		1878-01-01	1		1891-01-01	13		http://www.jstor.org/journal/procamersocimicr		procamersocimicr	P6Y	fulltext		Wiley	serial						procamermicrsoci		P	1878-01-01 - 1891-01-01	Biological Sciences Collection ; Life Sciences Collection	Biological Sciences ; Science & Mathematics ; Zoology	61241664	2005 237211
Proceedings of the Annual Meeting. American Association of Stratigraphic Palynologists	02701316		1970-01-01	1		1976-01-01	7		http://www.jstor.org/journal/procannumeetamer		procannumeetamer	P6Y	fulltext		Taylor & Francis, Ltd.	serial						palynology		P	1970-01-01 - 1976-01-01	Biological Sciences Collection ; Life Sciences Collection	Biological Sciences ; Paleontology ; Science & Mathematics	83547949	2007-235405
Proceedings of the Bear Workshop (International Conference on Bear Research and Management)	19360606		1968-01-01	1		1968-01-01	1		http://www.jstor.org/journal/procbearworkinte		procbearworkinte	P4Y	fulltext		International Association for Bear Research and Management	serial						beartheibiolmana		P	1968-01-01	Biological Sciences Collection ; Life Sciences Collection	Biological Sciences ; Science & Mathematics ; Zoology	137246094	2007-234132
Proceedings of the Colonial Waterbird Group	15565785		1978-01-01	1		1980-01-01	3		http://www.jstor.org/journal/proccolowategrou		proccolowategrou	P6Y	fulltext		Waterbird Society	serial						colowate		P	1978-01-01 - 1980-01-01	Public Library II Collection ; For-Profit Academic Biological Sciences Collection ; Biological Sciences Collection ; For-Profit Academic Life Sciences Collection ; Life Sciences Collection	Biological Sciences ; Science & Mathematics ; Zoology	64571613	2006-236671
The Quarterly Review of Biology	00335770	15397718	1926-01-01	1	1	2012-12-01	87	4	http://www.jstor.org/journal/quarrevibiol		quarrevibiol	P4Y	fulltext		University of Chicago Press	serial								P	1926-01-01 - 2012-12-01	Public Library II Collection ; For-Profit Academic Biological Sciences Collection ; Biological Sciences Collection ; For-Profit Academic Life Sciences Collection ; Science, Technology & Mathematics Discipline Package ; Life Sciences Collection ; Ecology & Botany I Collection	Biological Sciences ; Ecology & Evolutionary Biology ; History ; History of Science & Technology ; Science & Mathematics	45446985	00-227447
Radiation Research	00337587	19385404	1954-02-01	1	1	2010-12-01	174	6	http://www.jstor.org/journal/radirese		radirese	P6Y	fulltext		Radiation Research Society	serial								P	1954-02-01 - 2010-12-01	Biological Sciences Collection ; Life Sciences Collection	Biological Sciences ; Science & Mathematics	47723402	2006-237054
Radiation Research Supplement	04858611		1959-01-01	1		1985-11-01	8		http://www.jstor.org/journal/radiresesupp		radiresesupp		fulltext	Publication of this title ceased in 1985.	Radiation Research Society	serial								P	1959-01-01 - 1985-11-01	Biological Sciences Collection ; Life Sciences Collection	Biological Sciences ; Science & Mathematics	75436707	2006-237055
Rangeland Ecology & Management	15507424	15515028	2005-01-01	58	1	2012-11-01	65	6	http://www.jstor.org/journal/rangecolmana		rangecolmana	P4Y	fulltext		Society for Range Management	serial							jrangemanagement	P	2005-01-01 - 2012-11-01	Public Library II Collection ; For-Profit Academic Biological Sciences Collection ; Biological Sciences Collection ; For-Profit Academic Life Sciences Collection ; Life Sciences Collection ; Ecology & Botany II Collection	Biological Sciences ; Ecology & Evolutionary Biology ; Science & Mathematics	56019540	2004-213212
Rangelands	01900528	1551501X	1979-02-01	1	1	2012-12-01	34	6	http://www.jstor.org/journal/rangelands		rangelands	P4Y	fulltext		Society for Range Management	serial							rangemansj	P	1979-02-01 - 2012-12-01	Biological Sciences Collection ; Life Sciences Collection	Biological Sciences ; Science & Mathematics	56019316	2004-213211
Rangeman's Journal	00956236	23798106	1974-10-01	1	1	1978-12-01	5	6	http://www.jstor.org/journal/rangemansj		rangemansj	P4Y	fulltext		Society for Range Management	serial						rangelands		P	1974-10-01 - 1978-12-01	Biological Sciences Collection ; Life Sciences Collection	Biological Sciences ; Science & Mathematics		
Research Journal of the Water Pollution Control Federation	10477624		1989-09-01	61	9/10	1991-11-01	63	7	http://www.jstor.org/journal/rjwatpollcontfed		rjwatpollcontfed	P8Y	fulltext		Water Environment Federation	serial						wateenvirese	jwatpollcontfed	P	1989-09-01 - 1991-11-01	Biological Sciences Collection ; Life Sciences Collection	Aquatic Sciences ; Science & Mathematics	299099445	2009235057
The Semi-Annual (Agassiz Association. Department of the Wilson Chapter)	1938677X		1891-04-01	3	1	1891-04-01	3	1	http://www.jstor.org/journal/semiannuagas		semiannuagas	P4Y	fulltext		Wilson Ornithological Society	serial						wilsq	ornioolosemi	P	1891-04-01	For-Profit Academic Biological Sciences Collection ; Public Library II Collection ; Biological Sciences Collection ; For-Profit Academic Life Sciences Collection ; Life Sciences Collection	Biological Sciences ; Science & Mathematics ; Zoology	54519746	2004-242186
Sewage and Industrial Wastes	0096364X		1950-01-01	22	1	1959-12-01	31	12	http://www.jstor.org/journal/sewainduwast		sewainduwast	P8Y	fulltext		Water Environment Federation	serial						jwatpollcontfed	sewaworkj	P	1950-01-01 - 1959-12-01	Biological Sciences Collection ; Life Sciences Collection	Aquatic Sciences ; Science & Mathematics	299097523	2009235059
Sewage Works Journal	00969362		1928-10-01	1	1	1949-11-01	21	6	http://www.jstor.org/journal/sewaworkj		sewaworkj	P8Y	fulltext		Water Environment Federation	serial						sewainduwast		P	1928-10-01 - 1949-11-01	Biological Sciences Collection ; Life Sciences Collection	Aquatic Sciences ; Science & Mathematics	299098704	2009235060
Southeastern Naturalist	15287092	19385412	2002-01-01	1	1	2012-01-01	11	3	http://www.jstor.org/journal/soutnatu2		soutnatu2	P4Y	fulltext		Eagle Hill Institute	serial								P	2002-01-01 - 2012-01-01	Biological Sciences Collection ; Life Sciences Collection ; Ecology & Botany II Collection	Biological Sciences ; Ecology & Evolutionary Biology ; Science & Mathematics	49724541	2002-253222
The Southwestern Naturalist	00384909		1956-01-01	1	1	2012-12-01	57	4	http://www.jstor.org/journal/soutnatu		soutnatu	P4Y	fulltext		Southwestern Association of Naturalists	serial								P	1956-01-01 - 2012-12-01	Biological Sciences Collection ; Life Sciences Collection ; Ecology & Botany II Collection	Biological Sciences ; Ecology & Evolutionary Biology ; Science & Mathematics	56410019	2004-242196
Systematic Biology	10635157	1076836X	1992-03-01	41	1	2012-12-01	61	6	http://www.jstor.org/journal/systbiol		systbiol	P4Y	fulltext		Oxford University Press	serial							systzool	P	1992-03-01 - 2012-12-01	Biological Sciences Collection ; Life Sciences Collection ; Ecology & Botany I Collection	Biological Sciences ; Ecology & Evolutionary Biology ; Science & Mathematics	45447003	00-227423
Systematic Botany	03636445	15482324	1976-04-01	1	1	2010-10-01	35	4	http://www.jstor.org/journal/systematicbotany		systematicbotany	P6Y	fulltext		American Society of Plant Taxonomists	serial								P	1976-04-01 - 2010-10-01	Biological Sciences Collection ; Life Sciences Collection ; Ecology & Botany I Collection	Biological Sciences ; Botany & Plant Sciences ; Science & Mathematics	45446808	00-227434
Systematic Botany Monographs	07378211		1980-10-01	1		2010-02-22	90		http://www.jstor.org/journal/systbotamono		systbotamono	P6Y	fulltext		American Society of Plant Taxonomists	serial								P	1980-10-01 - 2010-02-22	Biological Sciences Collection ; Life Sciences Collection ; Ecology & Botany II Collection	Biological Sciences ; Botany & Plant Sciences ; Science & Mathematics	299098994	2009-235072
Systematic Zoology	00397989		1952-04-01	1	1	1991-12-01	40	4	http://www.jstor.org/journal/systzool		systzool	P4Y	fulltext		Taylor & Francis, Ltd.	serial						systbiol		P	1952-04-01 - 1991-12-01	Biological Sciences Collection ; Life Sciences Collection ; Ecology & Botany I Collection	Biological Sciences ; Ecology & Evolutionary Biology ; Science & Mathematics	45446992	00-227422
Systematics and Geography of Plants	13747886		1999-04-02	68	1/2	2009-01-01	79	1	http://www.jstor.org/journal/systgeogplan		systgeogplan	P4Y	fulltext			serial						planecolevol	belgjbota	P	1999-04-02 - 2009-01-01	Biological Sciences Collection ; Life Sciences Collection ; Ecology & Botany II Collection	Biological Sciences ; Botany & Plant Sciences ; Science & Mathematics	83554942	2007-235406
Taxon	00400262		1951-09-01	1	1	2012-12-01	61	6	http://www.jstor.org/journal/taxon		taxon	P4Y	fulltext		International Association for Plant Taxonomy (IAPT)	serial								P	1951-09-01 - 2012-12-01	Biological Sciences Collection ; Life Sciences Collection ; Ecology & Botany II Collection	Biological Sciences ; Botany & Plant Sciences ; Science & Mathematics	50168044	2005-236980
Torreya	00963844		1901-01-01	1	1	1945-12-01	45	4	http://www.jstor.org/journal/torreya		torreya	P4Y	fulltext		Torrey Botanical Society	serial						bulltorrbotaclub		P	1901-01-01 - 1945-12-01	Biological Sciences Collection ; Life Sciences Collection ; Ecology & Botany I Collection	Biological Sciences ; Botany & Plant Sciences ; Science & Mathematics	564636654	2011-235738
Transactions of the American Entomological Society (1867-1877)	08861145		1867-01-01	1		1877-01-01	6		http://www.jstor.org/journal/tranamerentosoci		tranamerentosoci	P1Y	fulltext		American Entomological Society	serial						tranamerentosoc2		P	1867-01-01 - 1877-01-01	Biological Sciences Collection ; Life Sciences Collection	Biological Sciences ; Ecology & Evolutionary Biology ; Science & Mathematics	61323927	2009-235081
Transactions of the American Entomological Society (1890-)	00028320		1890-01-01	17	4	2013-06-01	139	1	http://www.jstor.org/journal/tranamerentosoc3		tranamerentosoc3	P1Y	fulltext		American Entomological Society	serial							tranamerentosoc2	P	1890-01-01 - 2013-06-01	Biological Sciences Collection ; Life Sciences Collection	Biological Sciences ; Ecology & Evolutionary Biology ; Science & Mathematics	61323503	2009-235079
Transactions of the American Entomological Society and Proceedings of the Entomological Section of the Academy of Natural Sciences	1945516X		1878-01-01	7		1889-01-01	16	1	http://www.jstor.org/journal/tranamerentosoc2		tranamerentosoc2	P1Y	fulltext		American Entomological Society	serial						tranamerentosoc3	tranamerentosoci	P	1878-01-01 - 1889-01-01	Biological Sciences Collection ; Life Sciences Collection	Biological Sciences ; Ecology & Evolutionary Biology ; Science & Mathematics	60648901	2009-235080
Transactions of the American Microscopical Society	00030023		1896-01-01	17		1994-10-01	113	4	http://www.jstor.org/journal/tranamermicrsoci		tranamermicrsoci	P6Y	fulltext		Wiley	serial						invebiol	procamermicrsoci	P	1896-01-01 - 1994-10-01	Biological Sciences Collection ; Life Sciences Collection	Biological Sciences ; Science & Mathematics ; Zoology	61241470	2005 237209
Transactions of the Annual Meetings of the Kansas Academy of Science	19330545		1881-01-01	8		1899-01-01	17		http://www.jstor.org/journal/tranannumeetkans		tranannumeetkans	P4Y	fulltext		Kansas Academy of Science	serial						trankansacadscie	trankansacadsci2	P	1881-01-01 - 1899-01-01	Biological Sciences Collection ; Life Sciences Collection	Biological Sciences ; Science & Mathematics	76886119	2006-237065
Transactions of the Kansas Academy of Science (1872-1880)	19330537		1872-01-01	1		1879-01-01	7		http://www.jstor.org/journal/trankansacadsci2		trankansacadsci2	P4Y	fulltext		Kansas Academy of Science	serial						tranannumeetkans		P	1872-01-01 - 1879-01-01	Biological Sciences Collection ; Life Sciences Collection	Biological Sciences ; Science & Mathematics	76886117	2006-237066
Transactions of the Kansas Academy of Science (1903-)	00228443	19385420	1903-01-01	18		2012-10-01	115	3/4	http://www.jstor.org/journal/trankansacadscie		trankansacadscie	P4Y	fulltext		Kansas Academy of Science	serial							tranannumeetkans	P	1903-01-01 - 2012-10-01	Biological Sciences Collection ; Life Sciences Collection	Biological Sciences ; Science & Mathematics	49882454	2004-242175
Trimonthly Report. Ohio Herpetological Society	1557122X		1958-01-20	1	1	1959-01-30	2	1	http://www.jstor.org/journal/trimrepoohioherp		trimrepoohioherp	P4Y	fulltext		Society for the Study of Amphibians and Reptiles	serial						johioherpsoci		P	1958-01-20 - 1959-01-30	Biological Sciences Collection ; Life Sciences Collection	Biological Sciences ; Science & Mathematics ; Zoology	63579243	2006-236656
Ursus	15376176	19385439	1998-01-01	10		2012-01-01	23	1	http://www.jstor.org/journal/ursus		ursus	P4Y	fulltext		International Association for Bear Research and Management	serial							beartheibiolmana	P	1998-01-01 - 2012-01-01	Biological Sciences Collection ; Life Sciences Collection	Biological Sciences ; Science & Mathematics ; Zoology	60630377	2007-242262
Vegetatio	00423106		1948-01-01	1	1	1996-12-01	127	2	http://www.jstor.org/journal/vegetatio		vegetatio	P4Y	fulltext		Springer	serial						plantecology		P	1948-01-01 - 1996-12-01	Biological Sciences Collection ; Life Sciences Collection ; Ecology & Botany II Collection	Biological Sciences ; Botany & Plant Sciences ; Ecology & Evolutionary Biology ; Science & Mathematics	42210193	2009235212
Water Environment Research	10614303	15547531	1992-01-01	64	1	2008-12-01	80	12	http://www.jstor.org/journal/wateenvirese		wateenvirese	P8Y	fulltext		Water Environment Federation	serial							rjwatpollcontfed	P	1992-01-01 - 2008-12-01	Biological Sciences Collection ; Life Sciences Collection	Aquatic Sciences ; Science & Mathematics	57710020	2005213337
Waterbirds: The International Journal of Waterbird Biology	15244695	19385390	1999-01-01	22	2	2010-12-01	33	4	http://www.jstor.org/journal/wateintejwatebio		wateintejwatebio	P6Y	fulltext		Waterbird Society	serial							colowate	P	1999-01-01 - 2010-12-01	For-Profit Academic Biological Sciences Collection ; Public Library II Collection ; Biological Sciences Collection ; For-Profit Academic Life Sciences Collection ; Life Sciences Collection	Biological Sciences ; Science & Mathematics ; Zoology	52392109	2004-242182
Weed Science	00431745	15502759	1968-01-01	16	1	2012-10-01	60	4	http://www.jstor.org/journal/weedscience		weedscience	P4Y	fulltext		Weed Science Society of America	serial							weeds	P	1968-01-01 - 2012-10-01	Biological Sciences Collection ; Life Sciences Collection ; Ecology & Botany II Collection	Biological Sciences ; Botany & Plant Sciences ; Science & Mathematics	46646385	2004-214228
Weed Technology	0890037X	15502740	1987-01-01	1	1	2012-10-01	26	4	http://www.jstor.org/journal/weedtechnology		weedtechnology	P4Y	fulltext		Weed Science Society of America	serial								P	1987-01-01 - 2012-10-01	Public Library II Collection ; For-Profit Academic Biological Sciences Collection ; Biological Sciences Collection ; For-Profit Academic Life Sciences Collection ; Life Sciences Collection ; Ecology & Botany II Collection	Biological Sciences ; Botany & Plant Sciences ; Science & Mathematics	46704902	2004-214230
Weeds	0096719X		1951-10-01	1	1	1967-10-01	15	4	http://www.jstor.org/journal/weeds		weeds	P4Y	fulltext		Weed Science Society of America	serial						weedscience		P	1951-10-01 - 1967-10-01	Biological Sciences Collection ; Life Sciences Collection ; Ecology & Botany II Collection	Biological Sciences ; Botany & Plant Sciences ; Science & Mathematics	175290712	2007-265267
Wildlife Monographs	00840173	19385455	1958-03-01		1	2013-02-01	183		http://www.jstor.org/journal/wildmono		wildmono	P3Y	fulltext		Wiley	serial								P	1958-03-01 - 2013-02-01	Public Library II Collection ; For-Profit Academic Biological Sciences Collection ; Biological Sciences Collection ; For-Profit Academic Life Sciences Collection ; Life Sciences Collection	Biological Sciences ; Science & Mathematics ; Zoology	60618095	2007-234123
Wildlife Society Bulletin (1973-2006)	00917648	19385463	1973-04-01	1	1	2006-12-01	34	5	http://www.jstor.org/journal/wildsocibull		wildsocibull	P3Y	fulltext		Wiley	serial							jwildmana	P	1973-04-01 - 2006-12-01	Biological Sciences Collection ; Life Sciences Collection	Biological Sciences ; Science & Mathematics ; Zoology	60353682	2005-256021
Wildlife Society Bulletin (2011-)		23285540	2011-03-01	35	1	2013-12-01	37	4	http://www.jstor.org/journal/wildsocibull2011		wildsocibull2011	P3Y	fulltext		Wiley	serial								P	2011-03-01 - 2013-12-01	Public Library II Collection ; For-Profit Academic Biological Sciences Collection ; Biological Sciences Collection ; For-Profit Academic Life Sciences Collection ; Life Sciences Collection	Biological Sciences ; Science & Mathematics ; Zoology	840493900	
Willdenowia	05119618		1954-11-05	1	2	2012-12-01	42	2	http://www.jstor.org/journal/willdenowia		willdenowia	P4Y	fulltext		Botanischer Garten und Botanisches Museum, Berlin-Dahlem	serial							mittausbotagartm	P	1954-11-05 - 2012-12-01	Biological Sciences Collection ; Life Sciences Collection ; Ecology & Botany II Collection	Biological Sciences ; Botany & Plant Sciences ; Science & Mathematics	62152970	2007-265286
Willdenowia. Beiheft	05119626		1963-12-15		1	1977-01-01		11	http://www.jstor.org/journal/willbeih		willbeih	P4Y	fulltext		Botanischer Garten und Botanisches Museum, Berlin-Dahlem	serial						englera		P	1963-12-15 - 1977-01-01	Biological Sciences Collection ; Life Sciences Collection ; Ecology & Botany II Collection	Biological Sciences ; Botany & Plant Sciences ; Science & Mathematics	276176035	2008-234469
The Wilson Bulletin	00435643		1894-01-01	6	3	2005-12-01	117	4	http://www.jstor.org/journal/wilsbull		wilsbull	P4Y	fulltext		Wilson Ornithological Society	serial						wilsjornit	jwilsornichap	P	1894-01-01 - 2005-12-01	For-Profit Academic Biological Sciences Collection ; Public Library II Collection ; Biological Sciences Collection ; For-Profit Academic Life Sciences Collection ; Life Sciences Collection	Biological Sciences ; Science & Mathematics ; Zoology	46381512	2004-242171
The Wilson Journal of Ornithology	15594491	19385447	2006-03-01	118	1	2012-12-01	124	4	http://www.jstor.org/journal/wilsjornit		wilsjornit	P4Y	fulltext		Wilson Ornithological Society	serial							wilsbull	P	2006-03-01 - 2012-12-01	For-Profit Academic Biological Sciences Collection ; Public Library II Collection ; Biological Sciences Collection ; For-Profit Academic Life Sciences Collection ; Life Sciences Collection	Biological Sciences ; Science & Mathematics ; Zoology	66901429	2007-213070
The Wilson Quarterly (1892)	19386788		1892-04-01	4	1	1892-07-01	4	2	http://www.jstor.org/journal/wilsq		wilsq	P4Y	fulltext		Wilson Ornithological Society	serial						jwilsornichap	semiannuagas	P	1892-04-01 - 1892-07-01	Public Library II Collection ; For-Profit Academic Biological Sciences Collection ; Biological Sciences Collection ; For-Profit Academic Life Sciences Collection ; Life Sciences Collection	Biological Sciences ; Science & Mathematics ; Zoology	54519751	2004-242181
Zeitschrift für Morphologie und Ökologie der Tiere	03729389	23650087	1924-04-17	1	1	1967-09-01	60	4	http://www.jstor.org/journal/zeitmorpokoltier		zeitmorpokoltier	P4Y	fulltext		Springer	serial						oecologia		P	1924-04-17 - 1967-09-01	Biological Sciences Collection ; Life Sciences Collection ; Ecology & Botany II Collection	Biological Sciences ; Ecology & Evolutionary Biology ; Science & Mathematics		
Zoological Bulletin	08981051		1897-08-01	1	1	1899-09-01	2	6	http://www.jstor.org/journal/zoolbull		zoolbull	P2Y	fulltext		Marine Biological Laboratory	serial						biolbull		P	1897-08-01 - 1899-09-01	Biological Sciences Collection ; Life Sciences Collection	Biological Sciences ; Science & Mathematics	63584449	2006-236653
